-- MariaDB dump 10.17  Distrib 10.4.8-MariaDB, for Win64 (AMD64)
--
-- Host: controler.com.co    Database: control3_cosechafresca1
-- ------------------------------------------------------
-- Server version	5.7.34-log

/*!40101 SET @OLD_CHARACTER_SET_CLIENT=@@CHARACTER_SET_CLIENT */;
/*!40101 SET @OLD_CHARACTER_SET_RESULTS=@@CHARACTER_SET_RESULTS */;
/*!40101 SET @OLD_COLLATION_CONNECTION=@@COLLATION_CONNECTION */;
/*!40101 SET NAMES utf8mb4 */;
/*!40103 SET @OLD_TIME_ZONE=@@TIME_ZONE */;
/*!40103 SET TIME_ZONE='+00:00' */;
/*!40014 SET @OLD_UNIQUE_CHECKS=@@UNIQUE_CHECKS, UNIQUE_CHECKS=0 */;
/*!40014 SET @OLD_FOREIGN_KEY_CHECKS=@@FOREIGN_KEY_CHECKS, FOREIGN_KEY_CHECKS=0 */;
/*!40101 SET @OLD_SQL_MODE=@@SQL_MODE, SQL_MODE='NO_AUTO_VALUE_ON_ZERO' */;
/*!40111 SET @OLD_SQL_NOTES=@@SQL_NOTES, SQL_NOTES=0 */;

--
-- Table structure for table `categoria_productos`
--

DROP TABLE IF EXISTS `categoria_productos`;
/*!40101 SET @saved_cs_client     = @@character_set_client */;
/*!40101 SET character_set_client = utf8 */;
CREATE TABLE `categoria_productos` (
  `id_categoria` int(11) NOT NULL AUTO_INCREMENT,
  `nombre` varchar(255) COLLATE utf8_spanish2_ci NOT NULL,
  `descripcion` varchar(400) COLLATE utf8_spanish2_ci NOT NULL,
  `empleado_id_empleado` int(11) NOT NULL,
  `sede_id_sede` int(11) NOT NULL,
  `fecha` date NOT NULL,
  PRIMARY KEY (`id_categoria`),
  KEY `empleado_id_empleado` (`empleado_id_empleado`),
  KEY `sede_id_sede` (`sede_id_sede`),
  CONSTRAINT `empleado_id_empleado` FOREIGN KEY (`empleado_id_empleado`) REFERENCES `control3_cosechafresca2`.`empleado` (`id_empleado`),
  CONSTRAINT `sede_id_sede` FOREIGN KEY (`sede_id_sede`) REFERENCES `control3_cosechafresca2`.`sede` (`id_sede`)
) ENGINE=InnoDB AUTO_INCREMENT=46 DEFAULT CHARSET=utf8 COLLATE=utf8_spanish2_ci;
/*!40101 SET character_set_client = @saved_cs_client */;

--
-- Dumping data for table `categoria_productos`
--

LOCK TABLES `categoria_productos` WRITE;
/*!40000 ALTER TABLE `categoria_productos` DISABLE KEYS */;
INSERT INTO `categoria_productos` VALUES (1,'alimentos','--',1,1,'2020-10-29'),(7,'CARNES','-',1,1,'2020-12-09'),(8,'CEREALES','-',1,1,'2020-12-09'),(9,'CONSERVAS','-',1,1,'2020-12-09'),(11,'DULCES','-',1,1,'2020-12-09'),(12,'EMBUTIDOS','-',1,1,'2020-12-09'),(13,'ENCURTIDOS','-',1,1,'2020-12-09'),(14,'ENLATADOS','-',1,1,'2020-12-09'),(15,'FLORES','-',1,1,'2020-12-09'),(16,'FRUTAS','-',1,1,'2020-12-09'),(17,'FRTOS SECOS','-',1,1,'2020-12-09'),(18,'GALLETAS','-',1,1,'2020-12-09'),(19,'GRANOS','-',1,1,'2020-12-09'),(20,'HARINAS','-',1,1,'2020-12-09'),(21,'HELADOS','-',1,1,'2020-12-09'),(22,'HIERBAS','-',1,1,'2020-12-09'),(23,'HORTALIZAS','-',1,1,'2020-12-09'),(25,'HUEVOS','-',1,1,'2020-12-09'),(26,'LACTEOS','-',1,1,'2020-12-09'),(27,'LICORES','-',1,1,'2020-12-09'),(28,'MANTEQUILLA','-',1,1,'2020-12-09'),(29,'MANTEQUILLAS','-',1,1,'2020-12-09'),(30,'OTROS','-',1,1,'2020-12-09'),(31,'PASTAS','-',1,1,'2020-12-09'),(32,'RESTAURANTE','-',1,1,'2020-12-09'),(33,'SALSAS','-',1,1,'2020-12-09'),(34,'SNACKS','-',1,1,'2020-12-09'),(35,'TUBERCULOS','-',1,1,'2020-12-09'),(36,'VERDURAS','-',1,1,'2020-12-09'),(37,'VACIAS','-',1,1,'2020-12-09'),(39,'ACEITES','--',1,1,'2020-10-29'),(40,'AROMATICAS','--',1,1,'2020-10-29'),(41,'ASEO','----',1,1,'2020-11-06'),(42,'BEBIDAS','----',1,1,'2020-11-06'),(43,'CategoriaPrueba','--',7,1,'2021-03-04'),(44,'CONGELADOS','CONGELADOS',21,9,'2021-04-14'),(45,'VEGANOS','VEGANOS',21,9,'2021-04-14');
/*!40000 ALTER TABLE `categoria_productos` ENABLE KEYS */;
UNLOCK TABLES;

--
-- Table structure for table `descuento`
--

DROP TABLE IF EXISTS `descuento`;
/*!40101 SET @saved_cs_client     = @@character_set_client */;
/*!40101 SET character_set_client = utf8 */;
CREATE TABLE `descuento` (
  `id_descuento` int(11) NOT NULL AUTO_INCREMENT,
  `nombre` varchar(45) COLLATE utf8_spanish2_ci NOT NULL,
  `valor_descuento` double NOT NULL,
  `descripcion` varchar(45) COLLATE utf8_spanish2_ci NOT NULL,
  `sede_id_sede` int(11) NOT NULL,
  `fecha` date NOT NULL,
  `empleado_id_empleado` int(11) NOT NULL,
  PRIMARY KEY (`id_descuento`),
  KEY `descuento_sede_fk` (`sede_id_sede`),
  KEY `empleado_id_empleado` (`empleado_id_empleado`)
) ENGINE=InnoDB AUTO_INCREMENT=9 DEFAULT CHARSET=utf8 COLLATE=utf8_spanish2_ci;
/*!40101 SET character_set_client = @saved_cs_client */;

--
-- Dumping data for table `descuento`
--

LOCK TABLES `descuento` WRITE;
/*!40000 ALTER TABLE `descuento` DISABLE KEYS */;
INSERT INTO `descuento` VALUES (1,'prueba',10,'---',1,'2020-10-14',1),(5,'festivos',20,'---',1,'2020-12-05',1),(7,'Sin descuento',0,'SIn descuento',1,'2021-01-25',9),(8,'PruebaDescuento',5,'--',9,'2021-03-04',7);
/*!40000 ALTER TABLE `descuento` ENABLE KEYS */;
UNLOCK TABLES;

--
-- Table structure for table `impuestos`
--

DROP TABLE IF EXISTS `impuestos`;
/*!40101 SET @saved_cs_client     = @@character_set_client */;
/*!40101 SET character_set_client = utf8 */;
CREATE TABLE `impuestos` (
  `id_impuestos` int(11) NOT NULL AUTO_INCREMENT,
  `nombre` varchar(45) COLLATE utf8_spanish2_ci NOT NULL,
  `valor_impuesto` double NOT NULL,
  `descripcion` varchar(45) COLLATE utf8_spanish2_ci NOT NULL,
  `sede_id_sede` int(11) NOT NULL,
  `empleado_id_empleado` int(11) NOT NULL,
  `fecha` date NOT NULL,
  PRIMARY KEY (`id_impuestos`),
  KEY `empleado_id_empleado` (`empleado_id_empleado`),
  KEY `sede_id_sede` (`sede_id_sede`)
) ENGINE=InnoDB AUTO_INCREMENT=7 DEFAULT CHARSET=utf8 COLLATE=utf8_spanish2_ci;
/*!40101 SET character_set_client = @saved_cs_client */;

--
-- Dumping data for table `impuestos`
--

LOCK TABLES `impuestos` WRITE;
/*!40000 ALTER TABLE `impuestos` DISABLE KEYS */;
INSERT INTO `impuestos` VALUES (1,'iva',19,'---',1,1,'2020-10-22'),(2,'5 %',5,'--',1,9,'2021-01-06'),(5,'Sin impuesto',0,'----',1,7,'2021-03-04'),(6,'Hipoconsumo',8,'--',9,7,'2021-03-10');
/*!40000 ALTER TABLE `impuestos` ENABLE KEYS */;
UNLOCK TABLES;

--
-- Table structure for table `producto`
--

DROP TABLE IF EXISTS `producto`;
/*!40101 SET @saved_cs_client     = @@character_set_client */;
/*!40101 SET character_set_client = utf8 */;
CREATE TABLE `producto` (
  `id_producto` int(11) NOT NULL AUTO_INCREMENT,
  `plu` varchar(45) COLLATE utf8_spanish2_ci NOT NULL,
  `ean` varchar(45) COLLATE utf8_spanish2_ci DEFAULT NULL,
  `nombre` varchar(45) COLLATE utf8_spanish2_ci NOT NULL,
  `unidad_de_medida` varchar(45) COLLATE utf8_spanish2_ci NOT NULL,
  `precio_1` double NOT NULL,
  `precio_2` double DEFAULT NULL,
  `precio_3` double DEFAULT NULL,
  `precio_4` double DEFAULT NULL,
  `costo_compra` double NOT NULL,
  `stock_minimo` double NOT NULL,
  `fecha_registro` datetime NOT NULL,
  `categoria_id_categoria` int(11) NOT NULL,
  `impuestos_id_impuestos` int(11) NOT NULL,
  `empleado_id_empleado` int(11) NOT NULL,
  `punto_venta_id_punto_venta` int(11) NOT NULL,
  `descuento_id_descuento` int(11) NOT NULL,
  `imagen` varchar(200) COLLATE utf8_spanish2_ci NOT NULL,
  PRIMARY KEY (`id_producto`),
  KEY `producto_categoria_fk` (`categoria_id_categoria`),
  KEY `producto_impuesto_fk` (`impuestos_id_impuestos`),
  KEY `empleado_id_empleado` (`empleado_id_empleado`),
  KEY `descuento_id_descuento` (`descuento_id_descuento`),
  KEY `punto_venta_id_punto_venta` (`punto_venta_id_punto_venta`),
  CONSTRAINT `categoria_id_categoria` FOREIGN KEY (`categoria_id_categoria`) REFERENCES `categoria_productos` (`id_categoria`),
  CONSTRAINT `descuento_id_descuento` FOREIGN KEY (`descuento_id_descuento`) REFERENCES `descuento` (`id_descuento`),
  CONSTRAINT `empleado_id_empleado	` FOREIGN KEY (`empleado_id_empleado`) REFERENCES `control3_cosechafresca2`.`empleado` (`id_empleado`),
  CONSTRAINT `impuestos_id_impuestos` FOREIGN KEY (`impuestos_id_impuestos`) REFERENCES `impuestos` (`id_impuestos`),
  CONSTRAINT `punto_venta_id_punto_venta` FOREIGN KEY (`punto_venta_id_punto_venta`) REFERENCES `punto_venta` (`id_punto_venta`)
) ENGINE=InnoDB AUTO_INCREMENT=834 DEFAULT CHARSET=utf8 COLLATE=utf8_spanish2_ci;
/*!40101 SET character_set_client = @saved_cs_client */;

--
-- Dumping data for table `producto`
--

LOCK TABLES `producto` WRITE;
/*!40000 ALTER TABLE `producto` DISABLE KEYS */;
INSERT INTO `producto` VALUES (1,'4453','4453','MIEL DE ABEJAS PALULA 120 GR','UNIDAD',7200,7200,7200,7200,6000,10,'2021-05-25 07:33:08',11,5,21,1,7,''),(2,'4255','4255','MIEL DE ABEJAS PALULA 300 GR','UNIDAD',12600,12600,12600,12600,10500,10,'2021-05-25 07:33:08',11,1,21,1,7,''),(3,'4254','4254','MIEL DE ABEJAS PALULA 600 GR','UNIDAD',22200,22200,22200,22200,18500,10,'2021-05-25 07:33:08',11,1,21,1,7,''),(4,'4256','4256','UVA CAMARONA EN ALMIBAR','UNIDAD',24800,24800,24800,24800,15500,10,'2021-05-25 07:33:08',11,5,21,1,7,''),(5,'7709595111438','7709595111438','DURAZNOS ALMIBAR 500 GR','UNIDAD',8667,8667,8667,8667,7500,10,'2021-05-25 07:33:08',11,1,21,1,7,''),(6,'7707301080429','7707301080429','MERMELADA CIRUELA AMALIA 285 GR','UNIDAD',8950,8950,8950,8950,6426,10,'2021-05-25 07:33:08',11,1,21,1,7,''),(7,'7703176905621','7703176905621','CEREZAS MARRASCHINO 250 GR','UNIDAD',5901,5901,5901,5901,5100,10,'2021-05-25 07:33:08',11,1,21,1,7,''),(8,'5438','5438','TOMATES SECOS 250 GR','UNIDAD',20250,20250,20250,20250,15000,10,'2021-05-25 07:33:08',9,5,21,1,7,''),(9,'7709173891813','7709173891813','ANTIPASTO VEGETARIANO 250 GR','UNIDAD',10750,10750,10750,10750,8500,10,'2021-05-25 07:33:08',9,5,21,1,7,''),(10,'5440','5440','ANTIPASTO CON ATUN 250 GR','UNIDAD',10750,10750,10750,10750,8500,10,'2021-05-25 07:33:08',9,5,21,1,7,''),(11,'5441','5441','MERMELADA ARAZA DOÃ‘A LOLA 250 GR','UNIDAD',9900,9900,9900,9900,7500,10,'2021-05-25 07:33:08',9,5,21,1,7,''),(12,'5442','5442','ANTIPASTO PICANTE 250 GR','UNIDAD',9900,9900,9900,9900,7500,10,'2021-05-25 07:33:08',9,5,21,1,7,''),(13,'7702020055079','7702020055079','ACEITE BUCATTI OLIVA EXTRAVIRGEN 250 CC','UNIDAD',15600,15600,15600,15600,12881,10,'2021-05-25 07:33:08',39,1,21,1,7,''),(14,'8437009063125','8437009063125','ACEITE DE OLIVA LA CULTIVADA 250 ML LATA','UNIDAD',42500,42500,42500,42500,37500,10,'2021-05-25 07:33:08',39,1,21,1,7,''),(15,'6532','6532','ACEITE LA OLIVILLA TEMPRANO 250 GR','UNIDAD',19500,19500,19500,19500,16700,10,'2021-05-25 07:33:08',39,1,21,1,7,''),(16,'7707352111394','7707352111394','ACEITES SOYA AJONJOLI ORIENTAL 300 GR','UNIDAD',16443,16443,16443,16443,14000,10,'2021-05-25 07:33:08',39,1,21,1,7,''),(17,'7702020017138','7702020017138','MANTEQUILLA CANOLA LIFE 125 GR','UNIDAD',2106,2106,2106,2106,1785,10,'2021-05-25 07:33:08',39,1,21,1,7,''),(18,'7707352111448','7707352111448','ACEITE AJONJOLI PICANTE BOT 300 GR','UNIDAD',17374,17374,17374,17374,14000,10,'2021-05-25 07:33:08',39,1,21,1,7,''),(19,'7707352111417','7707352111417','ACEITE AJONJOLI PROVENZAL 300 GR','UNIDAD',16443,16443,16443,16443,14000,10,'2021-05-25 07:33:08',39,1,21,1,7,''),(20,'7701018065823','7701018065823','ACEITE PREMIER OLIVA PURO 250 CM3','UNIDAD',17820,17820,17820,17820,10016,10,'2021-05-25 07:33:08',39,1,21,1,7,''),(21,'7701018065854','7701018065854','ACEITE PREMIER OLIVA EXTRA VIRGEN 250 CM3','UNIDAD',17820,17820,17820,17820,10016,10,'2021-05-25 07:33:08',39,1,21,1,7,''),(22,'7702020050050','7702020050050','ACEITE CANOLA LIFE 500 ML','UNIDAD',10200,10200,10200,10200,8886,10,'2021-05-25 07:33:08',39,1,21,1,7,''),(23,'7709142931663','7709142931663','LIMPIADOR FRESCO 500 ML','UNIDAD',14100,14100,14100,14100,8500,10,'2021-05-25 07:33:08',41,5,21,1,7,''),(24,'7709142931656','7709142931656','DESINFECTANTE FRESCO 500 ML','UNIDAD',14100,14100,14100,14100,8500,10,'2021-05-25 07:33:08',41,5,21,1,7,''),(25,'7535','7535','RECARGA DESINFECTANTE 500 ML','UNIDAD',7100,7100,7100,7100,4250,10,'2021-05-25 07:33:08',41,5,21,1,7,''),(26,'7536','7536','RECARGA LIMPIADOR 1 LT','UNIDAD',14100,14100,14100,14100,8500,10,'2021-05-25 07:33:08',41,5,21,1,7,''),(27,'7537','7537','RECARGA LIMPIADOR 1 LT','UNIDAD',14100,14100,14100,14100,8500,10,'2021-05-25 07:33:08',41,5,21,1,7,''),(28,'7538','7538','RECARGA LIMPIADOR 500 ML','UNIDAD',7100,7100,7100,7100,4250,10,'2021-05-25 07:33:08',41,5,21,1,7,''),(29,'7709142931618','7709142931618','ELECTROLYSIS 500 ML','UNIDAD',14100,14100,14100,14100,8500,10,'2021-05-25 07:33:08',41,5,21,1,7,''),(30,'7702535002650','7702535002650','AGUA BRISA 6 LITROS','UNIDAD',7200,7200,7200,7200,5450,10,'2021-05-25 07:33:08',42,5,21,1,7,''),(31,'7702090041859','7702090041859','AGUA BRISA CRISTAL LITRO','UNIDAD',2100,2100,2100,2100,1250,10,'2021-05-25 07:33:08',42,5,21,1,7,''),(32,'7702535013830','7702535013830','AGUA BRISA SIN GAS 1 LITRO','UNIDAD',2500,2500,2500,2500,1800,10,'2021-05-25 07:33:08',42,5,21,1,7,''),(33,'7702090044645','7702090044645','AGUA CRISTAL 3 LITROS BOT','UNIDAD',3000,3000,3000,3000,2083,10,'2021-05-25 07:33:08',42,5,21,1,7,''),(34,'7702090022711','7702090022711','AGUA CRISTAL 600ML','UNIDAD',2000,2000,2000,2000,1254,10,'2021-05-25 07:33:08',42,1,21,1,7,''),(35,'7702609005372','7702609005372','AGUA MANANTIAL 600ML','UNIDAD',1500,1500,1500,1500,850,10,'2021-05-25 07:33:08',42,5,21,1,7,''),(36,'7702129058124','7702129058124','AGUA MONTEFRIO BOTELLA 600 ML','UNIDAD',1650,1650,1650,1650,1254,10,'2021-05-25 07:33:08',42,1,21,1,7,''),(37,'7702609005488','7702609005488','AGUA MANANTIAL CON GAS 600 ML BOT','UNIDAD',1950,1950,1950,1950,1366,10,'2021-05-25 07:33:08',42,1,21,1,7,''),(38,'7702090029826','7702090029826','MR TEA DURAZNO BOT 500ML','UNIDAD',2200,2200,2200,2200,1600,10,'2021-05-25 07:33:08',42,1,21,1,7,''),(39,'7702090029819','7702090029819','MR TEA LIMON BOT 500ML','UNIDAD',2200,2200,2200,2200,1600,10,'2021-05-25 07:33:08',42,1,21,1,7,''),(40,'7702001145195','7702001145195','NECTAR FRUTO ALPINA','UNIDAD',2200,2200,2200,2200,1731,10,'2021-05-25 07:33:08',42,1,21,1,7,''),(41,'7702001145201','7702001145201','NECTAR FRUTO MORA','UNIDAD',2200,2200,2200,2200,1731,10,'2021-05-25 07:33:08',42,1,21,1,7,''),(42,'7702001044306','7702001044306','ALPIN CHOCOLATE ALPINA','UNIDAD',2140,2140,2140,2140,1821,10,'2021-05-25 07:33:08',26,1,21,1,7,''),(43,'7702090023862','7702090023862','MR TE DURAZNO 300 ML','UNIDAD',2000,2000,2000,2000,1500,10,'2021-05-25 07:33:08',42,1,21,1,7,''),(44,'7709680731275','7709680731275','LIMONADA COCO','UNIDAD',3000,3000,3000,3000,2083,10,'2021-05-25 07:33:08',42,5,21,1,7,''),(45,'7709990002225','7709990002225','ACELGA CAMSAL BJ 200G','UNIDAD',3000,3000,3000,3000,2083,10,'2021-05-25 07:33:08',42,5,21,1,7,''),(46,'7709665845881','7709665845881','ZUMO DE MARACUYA','UNIDAD',3000,3000,3000,3000,2083,10,'2021-05-25 07:33:08',42,5,21,1,7,''),(47,'7709680731299','7709680731299','LIMONADA DE CEREZA','UNIDAD',3000,3000,3000,3000,2083,10,'2021-05-25 07:33:08',42,5,21,1,7,''),(48,'8437003897559','8437003897559','VINO ILEX TINTO 2019 750 ML','UNIDAD',35700,35700,35700,35700,25000,10,'2021-05-25 07:33:08',42,2,21,1,7,''),(49,'7702769038821','7702769038821','VINO ALEGRIA TINTO 750 ML','UNIDAD',22800,22800,22800,22800,16000,10,'2021-05-25 07:33:08',42,2,21,1,7,''),(50,'7702769038838','7702769038838','VINO ALEGRIA BLANCO 750 ML','UNIDAD',22800,22800,22800,22800,16000,10,'2021-05-25 07:33:08',42,2,21,1,7,''),(51,'7702769038837','7702769038837','VINO ALEGRIA ROSA 750 ML','UNIDAD',22800,22800,22800,22800,16000,10,'2021-05-25 07:33:08',42,2,21,1,7,''),(52,'7702769038752','7702769038752','VINO MICHEL TORINO 750 ML','UNIDAD',35000,35000,35000,35000,27000,10,'2021-05-25 07:33:08',42,2,21,1,7,''),(53,'7790945004517','7790945004517','VINO AMINGA BONARDA 750 ML','UNIDAD',48000,48000,48000,48000,33600,10,'2021-05-25 07:33:08',42,2,21,1,7,''),(54,'7790945003701','7790945003701','VINO AMINGA MALBEC 750 ML','UNIDAD',48000,48000,48000,48000,33600,10,'2021-05-25 07:33:08',42,2,21,1,7,''),(55,'7791540091513','7791540091513','VINO LA ESCONDIDA CABERNET SAUVINGNON 750 ML','UNIDAD',49900,49900,49900,49900,35000,10,'2021-05-25 07:33:08',42,2,21,1,7,''),(56,'8004810536089','8004810536089','VINO LAMBRUSCO ANGELI 750 ML','UNIDAD',38000,38000,38000,38000,26650,10,'2021-05-25 07:33:08',42,2,21,1,7,''),(57,'8008440249425','8008440249425','CERVEZA ASAHI','UNIDAD',7200,7200,7200,7200,5100,10,'2021-05-25 07:33:08',42,2,21,1,7,''),(58,'7792756220919','7792756220919','VINO ALTAS CUMBRES 375 ML','UNIDAD',27000,27000,27000,27000,19000,10,'2021-05-25 07:33:08',42,2,21,1,7,''),(59,'810990006902','810990006902','AGUA DE COCO ORGANICA 330 ML','UNIDAD',6500,6500,6500,6500,4379,10,'2021-05-25 07:33:08',42,1,21,1,7,''),(60,'7503006575785','7503006575785','AGUA DE COCO ORGANICA 1 LT','UNIDAD',14500,14500,14500,14500,11119,10,'2021-05-25 07:33:08',42,1,21,1,7,''),(61,'7702535018767','7702535018767','POWER ADE X 3 BOTELLAS','UNIDAD',5850,5850,5850,5850,4100,10,'2021-05-25 07:33:08',42,5,21,1,7,''),(62,'7702535009987','7702535009987','POWER ADE FRUTAS TROPICALES','UNIDAD',2100,2100,2100,2100,1366,10,'2021-05-25 07:33:08',42,5,21,1,7,''),(63,'7702535009994','7702535009994','POWER ADE MOUNTAINU BLAST','UNIDAD',2100,2100,2100,2100,1366,10,'2021-05-25 07:33:08',42,5,21,1,7,''),(64,'7702535014448','7702535014448','FUZETEA X 3 BOTELLAS','UNIDAD',4000,4000,4000,4000,2800,10,'2021-05-25 07:33:08',42,5,21,1,7,''),(65,'7702535014240','7702535014240','FUZETEA SABOR A LIMON','UNIDAD',1800,1800,1800,1800,933,10,'2021-05-25 07:33:08',42,5,21,1,7,''),(66,'7702535014233','7702535014233','FUZETEA SABOR A DURAZNO','UNIDAD',1800,1800,1800,1800,933,10,'2021-05-25 07:33:08',42,5,21,1,7,''),(67,'7702535016688','7702535016688','FUZETEA SABOR A MANZANA','UNIDAD',1800,1800,1800,1800,933,10,'2021-05-25 07:33:08',42,5,21,1,7,''),(68,'7702535025222','7702535025222','JUGO FRUTAS CITRICAS 500 ML','UNIDAD',1700,1700,1700,1700,866,10,'2021-05-25 07:33:08',42,5,21,1,7,''),(69,'7702535012970','7702535012970','JUGO FRUTAS MANDARINA 500 ML','UNIDAD',1700,1700,1700,1700,866,10,'2021-05-25 07:33:08',42,5,21,1,7,''),(70,'7702535022535','7702535022535','REFRESCO DE PIÃ‘A Y MANDARINA 500 ML','UNIDAD',1700,1700,1700,1700,866,10,'2021-05-25 07:33:08',42,5,21,1,7,''),(71,'7702535023730','7702535023730','REFRESCO DE MANGO Y FRESA 500 ML','UNIDAD',1700,1700,1700,1700,866,10,'2021-05-25 07:33:08',42,5,21,1,7,''),(72,'7702535027066','7702535027066','REFRESCO DE MORA 500 ML','UNIDAD',1700,1700,1700,1700,866,10,'2021-05-25 07:33:08',42,5,21,1,7,''),(73,'7702535010327','7702535010327','AGUA BRISA 600 ML','UNIDAD',1400,1400,1400,1400,833,10,'2021-05-25 07:33:08',42,5,21,1,7,''),(74,'7702535010341','7702535010341','BRISA CON GAS 600 ML','UNIDAD',1900,1900,1900,1900,1366,10,'2021-05-25 07:33:08',42,5,21,1,7,''),(75,'7702535005354','7702535005354','COCA COLA 350 ML LATA','UNIDAD',2400,2400,2400,2400,1775,10,'2021-05-25 07:33:08',42,5,21,1,7,''),(76,'7702535006788','7702535006788','COCA COLA SIN AZUCAR 350 ML LATA','UNIDAD',2500,2500,2500,2500,1775,10,'2021-05-25 07:33:08',42,5,21,1,7,''),(77,'7702535006856','7702535006856','SCHWEPPES SODA 300 ML','UNIDAD',2300,2300,2300,2300,1666,10,'2021-05-25 07:33:08',42,5,21,1,7,''),(78,'7702535006863','7702535006863','SCHWEPPES GINGER 300 ML','UNIDAD',2600,2600,2600,2600,1833,10,'2021-05-25 07:33:08',42,5,21,1,7,''),(79,'7702535027028','7702535027028','REFRESCO MORA 200 ML','UNIDAD',1200,1200,1200,1200,833,10,'2021-05-25 07:33:08',42,5,21,1,7,''),(80,'7702535023716','7702535023716','REFRESCO MANGO Y FRESA 200 ML','UNIDAD',1200,1200,1200,1200,833,10,'2021-05-25 07:33:08',42,5,21,1,7,''),(81,'7804320354088','7804320354088','CONCHA Y TORO BLANCO','UNIDAD',35150,35150,35150,35150,25920,10,'2021-05-25 07:33:08',42,2,21,1,7,''),(82,'7702535024423','7702535024423','COCA COLA ORIGINAL 1,5 LT','UNIDAD',3400,3400,3400,3400,2641,10,'2021-05-25 07:33:08',42,5,21,1,7,''),(83,'7702535011799','7702535011799','COCA COLA SIN AZUCAR 1,5 LT','UNIDAD',3500,3500,3500,3500,2641,10,'2021-05-25 07:33:08',42,5,21,1,7,''),(84,'7702535020371','7702535020371','BEBIDA MANDARINA DEL VALLE 1,5 LT','UNIDAD',2300,2300,2300,2300,1458,10,'2021-05-25 07:33:08',42,5,21,1,7,''),(85,'7702535022061','7702535022061','BEBIDA NARANJA DEL VALLE 1,5 LT','UNIDAD',2300,2300,2300,2300,1458,10,'2021-05-25 07:33:08',42,5,21,1,7,''),(86,'7702535024447','7702535024447','COCA COLA 3 LT','UNIDAD',6200,6200,6200,6200,4450,10,'2021-05-25 07:33:08',42,5,21,1,7,''),(87,'7809623800584','7809623800584','VINO POLERO 750 ML','UNIDAD',33750,33750,33750,33750,27000,10,'2021-05-25 07:33:08',42,2,21,1,7,''),(88,'7700708010402','7700708010402','ALITAS DE POLLO ADOBADAS BBQ 900 GR','UNIDAD',11400,11400,11400,11400,7400,10,'2021-05-25 07:33:08',7,1,21,1,7,''),(89,'2400511005149','2400511005149','LOMO BABY PIAMONTESA KILO','KILO',54100,54100,54100,54100,46000,10,'2021-05-25 07:33:08',7,5,21,1,7,''),(90,'2400509005045','2400509005045','CADERA ESPECIAL PIAMONTESA KILO','KILO',25500,25500,25500,25500,2000,10,'2021-05-25 07:33:08',7,5,21,1,7,''),(91,'2400513005284','2400513005284','CHATA ESPECIAL PIAMONTESA KILO','KILO',30800,30800,30800,30800,23200,10,'2021-05-25 07:33:08',7,5,21,1,7,''),(92,'2400501005340','2400501005340','CHURRASCO PIAMONTESA KILO','KILO',31500,31500,31500,31500,25000,10,'2021-05-25 07:33:08',7,5,21,1,7,''),(93,'2400505005865','2400505005865','ASADO TIRA PIAMONTESA KILO','KILO',25300,25300,25300,25300,19200,10,'2021-05-25 07:33:08',7,5,21,1,7,''),(94,'7700708005026','7700708005026','ENTREMUSLOS DE POLLO BUCANEROS BJ','UNIDAD',9900,9900,9900,9900,8000,10,'2021-05-25 07:33:08',7,5,21,1,7,''),(95,'2400514005887','2400514005887','FILET MIGNON KILO','KILO',54100,54100,54100,54100,46000,10,'2021-05-25 07:33:08',7,5,21,1,7,''),(96,'8452','8452','MUSLO CAMPESINO BANDEJA','UNIDAD',12500,12500,12500,12500,9400,10,'2021-05-25 07:33:08',7,5,21,1,7,''),(97,'7700708003237','7700708003237','PECHUGA DE POLLO BUCANERO BANDEJA','UNIDAD',9200,9200,9200,9200,6048,10,'2021-05-25 07:33:08',7,5,21,1,7,''),(98,'33072','33072','PECHUGA POLLO BANDEJA 2 UND BUCANERO','UNIDAD',15400,15400,15400,15400,11200,10,'2021-05-25 07:33:08',7,5,21,1,7,''),(99,'2400530005304','2400530005304','PUNTA ESPECIAL PIAMONTESA KILO','KILO',33300,33300,33300,33300,25000,10,'2021-05-25 07:33:08',7,5,21,1,7,''),(100,'2400515004988','2400515004988','SIRLOIN PIAMONTESA KILO','KILO',48750,48750,48750,48750,41000,10,'2021-05-25 07:33:08',7,5,21,1,7,''),(101,'7700708006093','7700708006093','FILETE DE POLLO BUCANERO 110 GR','UNIDAD',20500,20500,20500,20500,15400,10,'2021-05-25 07:33:08',7,5,21,1,7,''),(102,'7700708007098','7700708007098','FILETE DE POLLO BUCANERO 150 GR','UNIDAD',26500,26500,26500,26500,21100,10,'2021-05-25 07:33:08',7,5,21,1,7,''),(103,'7700708002209','7700708002209','CONTRAMUSLO BJ','UNIDAD',7200,7200,7200,7200,4928,10,'2021-05-25 07:33:08',7,5,21,1,7,''),(104,'2400510005126','2400510005126','SOBREBARRIGA PIAMONTESA KILO','KILO',26800,26800,26800,26800,17000,10,'2021-05-25 07:33:08',7,5,21,1,7,''),(105,'2400508005008','2400508005008','MOLIDA MAGRA PIAMONTESA KILO','KILO',27500,27500,27500,27500,21000,10,'2021-05-25 07:33:08',7,5,21,1,7,''),(106,'7702129073363','7702129073363','SALCHICHA WEST 215 GR','UNIDAD',5680,5680,5680,5680,4260,10,'2021-05-25 07:33:08',7,1,21,1,7,''),(107,'7702000000000','7702000000000','BONYURT BLACK','UNIDAD',2900,2900,2900,2900,2413,10,'2021-05-25 07:33:08',26,1,21,1,7,''),(108,'7702129073370','7702129073370','SALCHICHA WEST 430 GR','UNIDAD',9687,9687,9687,9687,7750,10,'2021-05-25 07:33:08',7,5,21,1,7,''),(109,'7702129073325','7702129073325','SALCHICHA XL 400 GR','UNIDAD',5200,5200,5200,5200,4140,10,'2021-05-25 07:33:08',7,5,21,1,7,''),(110,'7702129073066','7702129073066','SALCHICHA 500 GR','UNIDAD',8400,8400,8400,8400,5880,10,'2021-05-25 07:33:08',7,5,21,1,7,''),(111,'7702129072267','7702129072267','CHORIZO CON TERNERA PREMIUM 250 GR','UNIDAD',6614,6614,6614,6614,4630,10,'2021-05-25 07:33:08',7,1,21,1,7,''),(112,'7702129072565','7702129072565','CHORIZO CAMPESINO','UNIDAD',6614,6614,6614,6614,4630,10,'2021-05-25 07:33:08',7,1,21,1,7,''),(113,'7702129073103','7702129073103','SALCHICHA 250 GR','UNIDAD',3990,3990,3990,3990,3150,10,'2021-05-25 07:33:08',7,1,21,1,7,''),(114,'7702129072250','7702129072250','CHORIZO SANTA ROSANO PREMIUM 500 GR','UNIDAD',11600,11600,11600,11600,9280,10,'2021-05-25 07:33:08',7,1,21,1,7,''),(115,'2900813','2900813','FILETE DE SALMON KILO DISPEZ','KILO',45000,45000,45000,45000,34500,10,'2021-05-25 07:33:08',7,5,21,1,7,''),(116,'753153637882','753153637882','PALMITO DE CANGREJO 454 GR DISPEZ UNIDAD','UNIDAD',7500,7500,7500,7500,5236,10,'2021-05-25 07:33:08',7,1,21,1,7,''),(117,'213523235','213523235','PARGO PLATERO DISPEZ KILO','KILO',38200,38200,38200,38200,30100,10,'2021-05-25 07:33:08',7,5,21,1,7,''),(118,'7707312932021','7707312932021','HAMBURGUESA DE SALMON DISPEZ UNIDAD','UNIDAD',14500,14500,14500,14500,10591,10,'2021-05-25 07:33:08',7,1,21,1,7,''),(119,'7707312930409','7707312930409','CAMARON PPD 71/90 30% DISPEZ KILO','KILO',37150,37150,37150,37150,26500,10,'2021-05-25 07:33:08',7,5,21,1,7,''),(120,'7707312930980','7707312930980','CAMARON PPD 200/300 40% DISPEZ KILO','KILO',19900,19900,19900,19900,15800,10,'2021-05-25 07:33:08',7,5,21,1,7,''),(121,'2900863','2900863','MOJARRA 250-350 CONGELADA SESA DISPEZ KILO','KILO',20000,20000,20000,20000,14000,10,'2021-05-25 07:33:08',7,5,21,1,7,''),(122,'7707312930461','7707312930461','MIX DE MARISCOS X 500 GR DISPEZ UNIDAD','UNIDAD',8900,8900,8900,8900,7021,10,'2021-05-25 07:33:08',7,1,21,1,7,''),(123,'7707312930973','7707312930973','ANILLOS DEL CAMAR DISPEZ KILO','KILO',23900,23900,23900,23900,19040,10,'2021-05-25 07:33:08',7,1,21,1,7,''),(124,'48545545','48545545','POSTA DE PLUMA 49 DISPEZ KILO','KILO',22800,22800,22800,22800,18000,10,'2021-05-25 07:33:08',7,5,21,1,7,''),(125,'2900893','2900893','TRUCHA MARIPOSA 1/2 DISPEZ KILO','KILO',21400,21400,21400,21400,15000,10,'2021-05-25 07:33:08',7,5,21,1,7,''),(126,'545252','545252','FILETE DE TILAPIA 5/7 DISPEZ KILO','KILO',18500,18500,18500,18500,13000,10,'2021-05-25 07:33:08',7,5,21,1,7,''),(127,'5452512','5452512','FILETE DE ROBALO C/P DISPEZ KILO','KILO',36900,36900,36900,36900,28900,10,'2021-05-25 07:33:08',7,5,21,1,7,''),(128,'7707312930386','7707312930386','CAZUELA DE MARISCOS X 450 GR DISPEZ UNIDAD','UNIDAD',8500,8500,8500,8500,5831,10,'2021-05-25 07:33:08',7,1,21,1,7,''),(129,'7707312930089','7707312930089','CAZUELA DE MARISCOS X 750 GR DISPEZ UNIDAD','UNIDAD',15100,15100,15100,15100,10591,10,'2021-05-25 07:33:08',7,1,21,1,7,''),(130,'7702129072342','7702129072342','CHORIZO CAMPESINO * 250 GR','UNIDAD',6800,6800,6800,6800,4500,10,'2021-05-25 07:33:08',7,5,21,1,7,''),(131,'7702129075107','7702129075107','JAMON SELLECCIONADO 500 GR','UNIDAD',11800,11800,11800,11800,7500,10,'2021-05-25 07:33:08',7,5,21,1,7,''),(132,'7704277060912','7704277060912','ARROZ LA RESERVA 1000 GR','UNIDAD',7200,7200,7200,7200,5400,10,'2021-05-25 07:33:08',8,5,21,1,7,''),(133,'8411968300149','8411968300149','CEBOLLITAS KARINA 210 GR','UNIDAD',15250,15250,15250,15250,10670,10,'2021-05-25 07:33:08',9,1,21,1,7,''),(134,'7700708006092','7700708006092','FILETE DE POLLO BUCANEROS 1200 GR','UNIDAD',24100,24100,24100,24100,16900,10,'2021-05-25 07:33:08',7,5,21,1,7,''),(135,'7707352114623','7707352114623','TOMATE A LA ALBAHACA HAWAIANO X 350 GR FR','UNIDAD',11500,11500,11500,11500,8500,10,'2021-05-25 07:33:08',30,1,21,1,7,''),(136,'7707352114678','7707352114678','ALTIPASTO TOMATE A LA ALBAHACA CON PLATANO','UNIDAD',11500,11500,11500,11500,8500,10,'2021-05-25 07:33:08',30,1,21,1,7,''),(137,'7707352114647','7707352114647','TOMATE ALBAHACA QUINUA AJONJOLI X 350 G FR','UNIDAD',11500,11500,11500,11500,8500,10,'2021-05-25 07:33:08',30,1,21,1,7,''),(138,'7707301080436','7707301080436','MERMELADA MORA AMALIA 300 GR','UNIDAD',7250,7250,7250,7250,5400,10,'2021-05-25 07:33:08',11,1,21,1,7,''),(139,'7707301080443','7707301080443','MERMELADA UCHUA AMALIA 300 GR','UNIDAD',7250,7250,7250,7250,5400,10,'2021-05-25 07:33:08',11,1,21,1,7,''),(140,'7707301082010','7707301082010','PAPAYUELA ALMIBAR 600G','UNIDAD',8996,8996,8996,8996,7200,10,'2021-05-25 07:33:08',11,1,21,1,7,''),(141,'7702007043402','7702007043402','CHOCOLATE CORONA 500 GR','UNIDAD',6175,6175,6175,6175,5074,10,'2021-05-25 07:33:08',11,2,21,1,7,''),(142,'7707301082027','7707301082027','BREVAS EN ALMIBAR 600 GR','UNIDAD',6844,6844,6844,6844,5500,10,'2021-05-25 07:33:08',11,1,21,1,7,''),(143,'7702001082018','7702001082018','AREQUIPITO 50 GR','UNIDAD',1100,1100,1100,1100,927,10,'2021-05-25 07:33:08',11,1,21,1,7,''),(144,'7702001054718','7702001054718','AREQUIPE 220 GR','UNIDAD',4800,4800,4800,4800,4141,10,'2021-05-25 07:33:08',11,1,21,1,7,''),(145,'7702007043426','7702007043426','CHOCOLATE CORONA CLAVOS Y CANELA 500 GR','UNIDAD',6100,6100,6100,6100,5418,10,'2021-05-25 07:33:08',11,1,21,1,7,''),(146,'4257','4257','MIEL CAOBA','UNIDAD',27000,27000,27000,27000,21000,10,'2021-05-25 07:33:08',11,5,21,1,7,''),(147,'7702007009873','7702007009873','CHOCO LYNE 200 GR','UNIDAD',6561,6561,6561,6561,5676,10,'2021-05-25 07:33:08',11,1,21,1,7,''),(148,'5212121144','5212121144','MERMELADA DE MORA 250 GR DOÃ‘A LOLA','UNIDAD',9900,9900,9900,9900,7000,10,'2021-05-25 07:33:08',11,5,21,1,7,''),(149,'7709695538227','7709695538227','SAGUCO FRESA NARANJA 55%','UNIDAD',5103,5103,5103,5103,3900,10,'2021-05-25 07:33:08',11,1,21,1,7,''),(150,'770964322516','770964322516','SAGUCO CHOCOLATE 70 % CACAO 40 GR','UNIDAD',5354,5354,5354,5354,4760,10,'2021-05-25 07:33:08',11,1,21,1,7,''),(151,'69842','69842','SAGUCO CHOCOLATE DE MESA 60% CACAO 200 GR','UNIDAD',10040,10040,10040,10040,8925,10,'2021-05-25 07:33:08',11,1,21,1,7,''),(152,'58952','58952','SAGUCO CHOCOLATE DE MESA 100% CACAO 200 GR','UNIDAD',10040,10040,10040,10040,8925,10,'2021-05-25 07:33:08',11,1,21,1,7,''),(153,'7709858820619','7709858820619','CHOCOLATE ARTESANAL MORA FRESA 72% CACAO 80 G','UNIDAD',9371,9371,9371,9371,8330,10,'2021-05-25 07:33:08',11,1,21,1,7,''),(154,'7709737331564','7709737331564','CHOCOLATE ARTESANAL ARAUCA 82% CACAO 40 GR','UNIDAD',5355,5355,5355,5355,4760,10,'2021-05-25 07:33:08',11,1,21,1,7,''),(155,'7709737331588','7709737331588','CHOCOLATE ARTESANAL CAQUETA 70% CACAO 40 GR','UNIDAD',5355,5355,5355,5355,4760,10,'2021-05-25 07:33:08',11,1,21,1,7,''),(156,'7709695538203','7709695538203','CHOCOLATE ARTESANAL HUILA 80% CACAO 40 GR','UNIDAD',5355,5355,5355,5355,4760,10,'2021-05-25 07:33:08',11,1,21,1,7,''),(157,'7709699335020','7709699335020','SAGUCO LIBRE DE AZUCAR 60% 40 GR','UNIDAD',5488,5488,5488,5488,4879,10,'2021-05-25 07:33:08',11,1,21,1,7,''),(158,'7709646322530','7709646322530','SAGUCO 70% CACAO 40 GR','UNIDAD',5221,5221,5221,5221,4641,10,'2021-05-25 07:33:08',11,1,21,1,7,''),(159,'7709858820671','7709858820671','CHOCOLATE CON ESPECIAS 70% 40 GR','UNIDAD',5488,5488,5488,5488,4879,10,'2021-05-25 07:33:08',11,1,21,1,7,''),(160,'7709695538210','7709695538210','SAGUCO UCHUVA MARACUYA 55% 40 GR','UNIDAD',5221,5221,5221,5221,4641,10,'2021-05-25 07:33:08',11,1,21,1,7,''),(161,'7709699335013','7709699335013','SAGUCO 60% CACAO SAL MARINA 40 GR','UNIDAD',5221,5221,5221,5221,4641,10,'2021-05-25 07:33:08',11,1,21,1,7,''),(162,'7709699335014','7709699335014','SAGUCO 60% CACAO NARANJA 40 GR','UNIDAD',5221,5221,5221,5221,4641,10,'2021-05-25 07:33:08',11,1,21,1,7,''),(163,'7709737331557','7709737331557','CHOCOLATE ARTESANAL PUTUMAYO 55% CACAO 80 GR','UNIDAD',9371,9371,9371,9371,8330,10,'2021-05-25 07:33:08',11,1,21,1,7,''),(164,'7709699335044','7709699335044','SAGUCO LIBRE DE AZUCAR 60% 80 GR','UNIDAD',8969,8969,8969,8969,7973,10,'2021-05-25 07:33:08',11,1,21,1,7,''),(165,'7709965688249','7709965688249','CHOCOLATE ARTESANAL ANTIOQUIA 65% CACAO 40 GR','UNIDAD',5355,5355,5355,5355,4760,10,'2021-05-25 07:33:08',11,1,21,1,7,''),(166,'7709695538289','7709695538289','CHOCOLATE ARTESANAL 100% CACAO 80 GR','UNIDAD',8969,8969,8969,8969,7973,10,'2021-05-25 07:33:08',11,1,21,1,7,''),(167,'7709699335075','7709699335075','SAGUCO LIBRE DE AZUCAR 80% 40 GR','UNIDAD',5488,5488,5488,5488,4879,10,'2021-05-25 07:33:08',11,1,21,1,7,''),(168,'4260','4260','MIEL ELIBEE 500 GR','UNIDAD',24000,24000,24000,24000,18000,10,'2021-05-25 07:33:08',11,5,21,1,7,''),(169,'4261','4261','MIEL ELIBEE 250 GR','UNIDAD',12000,12000,12000,12000,9000,10,'2021-05-25 07:33:08',11,5,21,1,7,''),(170,'7702007054972','7702007054972','DELICATTO CORONA 142 GR','UNIDAD',4265,4265,4265,4265,3547,10,'2021-05-25 07:33:08',11,2,21,1,7,''),(171,'7702129072335','7702129072335','CHORIZO SANTARROSANO X 5 UNI','UNIDAD',5533,5533,5533,5533,4610,10,'2021-05-25 07:33:08',7,1,21,1,7,''),(172,'7702129072410','7702129072410','CHORIZO SANTAROSANO COLANTA 250 GR','UNIDAD',4500,4500,4500,4500,3600,10,'2021-05-25 07:33:08',7,1,21,1,7,''),(173,'7702129075275','7702129075275','JAMON 150 GR COLANTA ','UNIDAD',3900,3900,3900,3900,2900,10,'2021-05-25 07:33:08',7,1,21,1,7,''),(174,'7702129075251','7702129075251','JAMON SELECCIONADO COLANTA 250 GR','UNIDAD',5400,5400,5400,5400,4400,10,'2021-05-25 07:33:08',7,1,21,1,7,''),(175,'7707352115521','7707352115521','ADEREZO CRIOLLO 210 GR FR','UNIDAD',9200,9200,9200,9200,6000,10,'2021-05-25 07:33:08',9,1,21,1,7,''),(176,'7707352118522','7707352118522','ADEREZO CRIOLLO PICANTE','UNIDAD',9200,9200,9200,9200,8000,10,'2021-05-25 07:33:08',9,1,21,1,7,''),(177,'7707352118096','7707352118096','ADEREZO JALAPEÃ‘OS AMARILLO','UNIDAD',7650,7650,7650,7650,5500,10,'2021-05-25 07:33:08',9,1,21,1,7,''),(178,'7707352118546','7707352118546','ADEREZO JALAPEÃ‘OS ROJO','UNIDAD',7650,7650,7650,7650,5500,10,'2021-05-25 07:33:08',9,1,21,1,7,''),(179,'7707352118553','7707352118553','ADEREZO JALAPEÃ‘OS VERDE','UNIDAD',7650,7650,7650,7650,5500,10,'2021-05-25 07:33:08',9,1,21,1,7,''),(180,'7709173891815','7709173891815','ANTIPASTO ATUN 250G','UNIDAD',10750,10750,10750,10750,8500,10,'2021-05-25 07:33:08',9,1,21,1,7,''),(181,'7707352114609','7707352114609','ANTIPASTO TOMATE CLASICO ALBAHACA FR','UNIDAD',9315,9315,9315,9315,8000,10,'2021-05-25 07:33:08',9,1,21,1,7,''),(182,'5445','5445','ANTIPASTO PICANTE X 350G','UNIDAD',9315,9315,9315,9315,8000,10,'2021-05-25 07:33:08',9,1,21,1,7,''),(183,'7707352118607','7707352118607','ANTIPASTO TOMATE A LA ALBAHACA PICANTE','UNIDAD',9315,9315,9315,9315,8000,10,'2021-05-25 07:33:08',9,1,21,1,7,''),(184,'5447','5447','ANTIPASTO VEGETARIANO X 250G','UNIDAD',10750,10750,10750,10750,8000,10,'2021-05-25 07:33:08',9,1,21,1,7,''),(185,'5448','5448','ANTIPASTO VEGETARIANO X 500G','UNIDAD',16078,16078,16078,16078,8500,10,'2021-05-25 07:33:08',9,1,21,1,7,''),(186,'7640','7640','FLOR DE SAL AHUMADA','UNIDAD',19900,19900,19900,19900,14500,10,'2021-05-25 07:33:08',30,5,21,1,7,''),(187,'7641','7641','FLOR DE SAL CON AJO','UNIDAD',19900,19900,19900,19900,14500,10,'2021-05-25 07:33:08',30,5,21,1,7,''),(188,'7642','7642','FLOR DE SAL CON CEBOLLA','UNIDAD',19900,19900,19900,19900,14500,10,'2021-05-25 07:33:08',30,5,21,1,7,''),(189,'7643','7643','FLOR DE SAL CON CURRY','UNIDAD',19900,19900,19900,19900,14500,10,'2021-05-25 07:33:08',30,5,21,1,7,''),(190,'7644','7644','FLOR DE SAL CON NARANJA','UNIDAD',19900,19900,19900,19900,14500,10,'2021-05-25 07:33:08',30,5,21,1,7,''),(191,'7645','7645','FLOR DE SAL CON ROMERO','UNIDAD',19900,19900,19900,19900,14500,10,'2021-05-25 07:33:08',30,5,21,1,7,''),(192,'7646','7646','FLOR DE SAL CON ROSAS','UNIDAD',19900,19900,19900,19900,14500,10,'2021-05-25 07:33:08',30,5,21,1,7,''),(193,'7647','7647','FLOR DE SAL CON TOMILLO','UNIDAD',19900,19900,19900,19900,14500,10,'2021-05-25 07:33:08',30,5,21,1,7,''),(194,'7648','7648','PIMIENTA 5 PIMIENTAS GRANO','UNIDAD',23100,23100,23100,23100,15600,10,'2021-05-25 07:33:08',30,5,21,1,7,''),(195,'7649','7649','PIMIENTA BLANCA GRANO','UNIDAD',23100,23100,23100,23100,15600,10,'2021-05-25 07:33:08',30,5,21,1,7,''),(196,'7650','7650','PIMIENTA DE JAMAICA GRANO','UNIDAD',23100,23100,23100,23100,15600,10,'2021-05-25 07:33:08',30,5,21,1,7,''),(197,'7651','7651','PIMIENTA NEGRA GRANO','UNIDAD',23100,23100,23100,23100,15600,10,'2021-05-25 07:33:08',30,5,21,1,7,''),(198,'7652','7652','PIMIENTA ROSA GRANO','UNIDAD',23100,23100,23100,23100,15600,10,'2021-05-25 07:33:08',30,5,21,1,7,''),(199,'7707352114944','7707352114944','SALSA NATURAL CON MIEL DE ABEJAS XIRRUS','UNIDAD',13000,13000,13000,13000,8500,10,'2021-05-25 07:33:08',9,5,21,1,7,''),(200,'5449','5449','TOMATES SECOS DOÃ‘A LOLA X 250','UNIDAD',20250,20250,20250,20250,8500,10,'2021-05-25 07:33:08',9,5,21,1,7,''),(201,'7707352115569','7707352115569','VINAGRETA DE AJO Y ALBAHACA','UNIDAD',9000,9000,9000,9000,6000,10,'2021-05-25 07:33:08',9,1,21,1,7,''),(202,'7701101233207','7701101233207','ARVEJA AL NATURAL 300 GR','UNIDAD',2349,2349,2349,2349,2041,10,'2021-05-25 07:33:08',14,1,21,1,7,''),(203,'7701101358139','7701101358139','MAIZ DULCE 241 GR','UNIDAD',3150,3150,3150,3150,2724,10,'2021-05-25 07:33:08',14,1,21,1,7,''),(204,'7701101233085','7701101233085','ARVEJA ZANAHORIA ZENU X 300 GR','UNIDAD',3200,3200,3200,3200,2617,10,'2021-05-25 07:33:08',14,1,21,1,7,''),(205,'7701101358474','7701101358474','GARBANZO 440 GR','UNIDAD',4131,4131,4131,4131,3516,10,'2021-05-25 07:33:08',14,1,21,1,7,''),(206,'9120','9120','ASTROMELIA PQ','UNIDAD',6000,6000,6000,6000,2500,10,'2021-05-25 07:33:08',15,5,21,1,7,''),(207,'9121','9121','BOUQUET DE LIRIOS','UNIDAD',18000,18000,18000,18000,10000,10,'2021-05-25 07:33:08',15,5,21,1,7,''),(208,'9122','9122','BOUQUET GIRASOLES','UNIDAD',20000,20000,20000,20000,8000,10,'2021-05-25 07:33:08',15,5,21,1,7,''),(209,'9123','9123','BOUQUET TROPICAL','UNIDAD',10000,10000,10000,10000,5000,10,'2021-05-25 07:33:08',15,5,21,1,7,''),(210,'9124','9124','ROSAS X 12','UNIDAD',20000,20000,20000,20000,13000,10,'2021-05-25 07:33:08',15,5,21,1,7,''),(211,'9125','9125','POMPONES','UNIDAD',10000,10000,10000,10000,5000,10,'2021-05-25 07:33:08',15,5,21,1,1,''),(212,'9126','9126','BOUQUET TROPICAL ESPECIAL','UNIDAD',17200,17200,17200,17200,8000,10,'2021-05-25 07:33:08',15,5,21,1,7,''),(213,'9127','9127','BOUQUET TROPICAL SENCILLO','UNIDAD',10000,10000,10000,10000,5000,10,'2021-05-25 07:33:08',15,5,21,1,7,''),(214,'9128','9128','BOUQUET TROPICAL PINTADO','UNIDAD',10000,10000,10000,10000,5000,10,'2021-05-25 07:33:08',15,5,21,1,7,''),(215,'9129','9129','COQUETAS COLORES','UNIDAD',10000,10000,10000,10000,5000,10,'2021-05-25 07:33:08',15,5,21,1,7,''),(216,'9130','9130','BOUQUET DE AVES','UNIDAD',14300,14300,14300,14300,7500,10,'2021-05-25 07:33:08',15,5,21,1,7,''),(217,'9131','9131','ROSAS MINI','UNIDAD',15000,15000,15000,15000,7000,10,'2021-05-25 07:33:08',15,5,21,1,7,''),(218,'9132','9132','RAFINES','UNIDAD',12000,12000,12000,12000,6000,10,'2021-05-25 07:33:08',15,5,21,1,7,''),(219,'9133','9133','SALOMIOS','UNIDAD',10000,10000,10000,10000,5000,10,'2021-05-25 07:33:08',15,5,21,1,7,''),(220,'9134','9134','MARGARITAS BLANCA','UNIDAD',10000,10000,10000,10000,5000,10,'2021-05-25 07:33:08',15,5,21,1,7,''),(221,'9135','9135','ARREGLO ROSAS FUCSIA','UNIDAD',55000,55000,55000,55000,30000,10,'2021-05-25 07:33:08',15,5,21,1,7,''),(222,'9136','9136','ARREGLO ROSAS NARANJAS','UNIDAD',45000,45000,45000,45000,25000,10,'2021-05-25 07:33:08',15,5,21,1,7,''),(223,'9137','9137','COQUETAS COLORES','UNIDAD',10000,10000,10000,10000,5000,10,'2021-05-25 07:33:08',15,5,21,1,7,''),(224,'7702025186136','7702025186136','GALLETA QUESO Y MANTEQUILLA','UNIDAD',4990,4990,4990,4990,3962,10,'2021-05-25 07:33:08',34,1,21,1,7,''),(225,'7702025140879','7702025140879','GALLETAS TOSH MIEL X 2 TACOS','UNIDAD',4800,4800,4800,4800,4165,10,'2021-05-25 07:33:08',34,1,21,1,7,''),(226,'7708998805029','7708998805029','PASSIONE CAFÃ‰ 500 GR','UNIDAD',21900,21900,21900,21900,17000,10,'2021-05-25 07:33:08',19,5,21,1,7,''),(227,'7702032253838','7702032253838','CAPPUCCHINO COLCAFE CLASICO X 270 GR','UNIDAD',12822,12822,12822,12822,10258,10,'2021-05-25 07:33:08',30,1,21,1,7,''),(228,'7702032005031','7702032005031','CAPPUCCHINO COLCAFE MOCCA X 270 GR','UNIDAD',12822,12822,12822,12822,10258,10,'2021-05-25 07:33:08',30,1,21,1,7,''),(229,'7702032253821','7702032253821','CAPUCHINO COLCAFE VAINILLA X 270 GR','UNIDAD',12822,12822,12822,12822,10258,10,'2021-05-25 07:33:08',30,1,21,1,7,''),(230,'3141','3141','LENTEJA KILO','KILO',6200,6200,6200,6200,3667,10,'2021-05-25 07:33:08',19,5,21,1,7,''),(231,'3142','3142','FRIJOL GRANEL KILO','KILO',9400,9400,9400,9400,6333,10,'2021-05-25 07:33:08',19,5,21,1,7,''),(232,'7707226134764','7707226134764','PIMIENTA PEPA 500 GR','UNIDAD',20000,20000,20000,20000,15000,10,'2021-05-25 07:33:08',19,5,21,1,7,''),(233,'7707226134757','7707226134757','PIMIENTA PEPA 250 GR','UNIDAD',10000,10000,10000,10000,7500,10,'2021-05-25 07:33:08',19,5,21,1,7,''),(234,'7702020011037','7702020011037','HARINA HAZ DE OROS INTEGRAL X 500 GR','UNIDAD',3200,3200,3200,3200,1867,10,'2021-05-25 07:33:08',20,2,21,1,7,''),(235,'7705326074454','7705326074454','PAN BLANCO 600 GR','UNIDAD',6150,6150,6150,6150,4083,10,'2021-05-25 07:33:08',20,5,21,1,7,''),(236,'7705326081803','7705326081803','PAN ARTESANO INTEGRAL 500 GR','UNIDAD',5990,5990,5990,5990,4208,10,'2021-05-25 07:33:08',20,5,21,1,7,''),(237,'7705326072535','7705326072535','PAN INTEGRAL 480 GR','UNIDAD',4990,4990,4990,4990,4208,10,'2021-05-25 07:33:08',20,5,21,1,7,''),(238,'7705326078261','7705326078261','PAN ARTESANO BLANCO 500 GR','UNIDAD',5880,5880,5880,5880,4208,10,'2021-05-25 07:33:08',20,5,21,1,7,''),(239,'7705326073365','7705326073365','PAN INTEGRAL 650 GR','UNIDAD',6050,6050,6050,6050,4708,10,'2021-05-25 07:33:08',20,5,21,1,7,''),(240,'7705326073891','7705326073891','PAN VITAL FRUTICEREAL 500 GR','UNIDAD',7520,7520,7520,7520,5417,10,'2021-05-25 07:33:08',20,5,21,1,7,''),(241,'7705326076038','7705326076038','PAN VITAL GRANOLA ARANDANO 500 GR','UNIDAD',7520,7520,7520,7520,5417,10,'2021-05-25 07:33:08',20,5,21,1,7,''),(242,'7705326016485','7705326016485','TORTILLA INTEGRAL BIMBO 250 GR','UNIDAD',6400,6400,6400,6400,4832,10,'2021-05-25 07:33:08',20,5,21,1,7,''),(243,'7705326075161','7705326075161','MOGOLLA INTEGRAL 400 GR','UNIDAD',4800,4800,4800,4800,3416,10,'2021-05-25 07:33:08',20,5,21,1,7,''),(244,'7705326079442','7705326079442','PAN ARTESANO MANTEQUILLA','UNIDAD',5880,5880,5880,5880,3416,10,'2021-05-25 07:33:08',20,5,21,1,7,''),(245,'770536020642','770536020642','TOSTADAS INTEGRALES 150 GR','UNIDAD',3094,3094,3094,3094,2166,10,'2021-05-25 07:33:08',20,5,21,1,7,''),(246,'7705326016249','7705326016249','TOSTADAS MANTEQUILLA 150 GR','UNIDAD',2852,2852,2852,2852,1997,10,'2021-05-25 07:33:08',20,5,21,1,7,''),(247,'7705326075178','7705326075178','MOGOLLA NEGRA 370 GR','UNIDAD',3800,3800,3800,3800,2833,10,'2021-05-25 07:33:08',20,5,21,1,7,''),(248,'7705326077837','7705326077837','TORTILLA RAPIDITAS 240 GR','UNIDAD',4990,4990,4990,4990,3223,10,'2021-05-25 07:33:08',20,5,21,1,7,''),(249,'7705326079152','7705326079152','CASERO VAINILLA 220 GR','UNIDAD',3900,3900,3900,3900,2394,10,'2021-05-25 07:33:08',20,1,21,1,7,''),(250,'7702025141487','7702025141487','GTA SALTIN NOEL TRADICIONAL X 4 TC','UNIDAD',3800,3800,3800,3800,3302,10,'2021-05-25 07:33:08',20,5,21,1,7,''),(251,'7705326019288','7705326019288','PAN SUPER HAMBURGUESA','UNIDAD',4200,4200,4200,4200,3083,10,'2021-05-25 07:33:08',20,5,21,1,7,''),(252,'8901972064491','8901972064491','BUTTER COOKIES 340 GR','UNIDAD',22700,22700,22700,22700,15900,10,'2021-05-25 07:33:08',20,5,21,1,7,''),(253,'7733033259','7733033259','ROYAL DANSK 200 GR','UNIDAD',20000,20000,20000,20000,15000,10,'2021-05-25 07:33:08',20,5,21,1,7,''),(254,'7705326001757','7705326001757','HAMBURGUESA DORADO 360 GR','UNIDAD',4550,4550,4550,4550,3416,10,'2021-05-25 07:33:08',20,5,21,1,7,''),(255,'7702914222020','7702914222020','COLACIONES 110 GR','UNIDAD',4000,4000,4000,4000,2800,10,'2021-05-25 07:33:08',20,5,21,1,7,''),(256,'7702914221306','7702914221306','ACHIRAS 100 GR','UNIDAD',7250,7250,7250,7250,5100,10,'2021-05-25 07:33:08',20,5,21,1,7,''),(257,'7702914225205','7702914225205','COLACIONES 240 GR','UNIDAD',8200,8200,8200,8200,5749,10,'2021-05-25 07:33:08',20,5,21,1,7,''),(258,'7702914116701','7702914116701','PONQUE FRUTAS TROPICALES MASA BLANCA 600 GR','UNIDAD',14800,14800,14800,14800,11150,10,'2021-05-25 07:33:08',20,5,21,1,7,''),(259,'7702914116565','7702914116565','PONQUE FRUTAS TROPICALES MASA NEGRA 600 GR','UNIDAD',14800,14800,14800,14800,11150,10,'2021-05-25 07:33:08',20,5,21,1,7,''),(260,'7705326079336','7705326079336','TOSTADAS 280 GR MANTEQUILLA','UNIDAD',5100,5100,5100,5100,3584,10,'2021-05-25 07:33:08',20,5,21,1,7,''),(261,'7705326079343','7705326079343','TOSTADAS 280 GR INTEGRAL','UNIDAD',4800,4800,4800,4800,3416,10,'2021-05-25 07:33:08',20,5,21,1,7,''),(262,'7705326020505','7705326020505','PAN MANTEQUILLA 550 GR','UNIDAD',4600,4600,4600,4600,3250,10,'2021-05-25 07:33:08',20,5,21,1,7,''),(263,'7705326020499','7705326020499','PAN INTEGRAL 570 GR','UNIDAD',4800,4800,4800,4800,3415,10,'2021-05-25 07:33:08',20,5,21,1,7,''),(264,'7702020011228','7702020011228','HARINA DE TRIGO 500 GR','UNIDAD',2300,2300,2300,2300,1388,10,'2021-05-25 07:33:08',20,5,21,1,7,''),(265,'7702020053785','7702020053785','PASTA CONZAZONI INTEGRAL PENNE 500 GR','UNIDAD',6400,6400,6400,6400,4853,10,'2021-05-25 07:33:08',20,5,21,1,7,''),(266,'7702020113120','7702020113120','PASTA LA MUÃ‘ECA CONCHA 500 GR','UNIDAD',3200,3200,3200,3200,2397,10,'2021-05-25 07:33:08',20,5,21,1,7,''),(267,'7702020113038','7702020113038','PASTA LA MUÃ‘ECA FIDEO 500 GR','UNIDAD',3200,3200,3200,3200,2397,10,'2021-05-25 07:33:08',20,5,21,1,7,''),(268,'7702020113014','7702020113014','PASTA LA MUÃ‘ECA SPAGHETTI 500 GR','UNIDAD',3200,3200,3200,3200,2397,10,'2021-05-25 07:33:08',20,5,21,1,7,''),(269,'7702417002709','7702417002709','AREPAS ANTIOQUEÃ‘AS DON MAIZ','UNIDAD',4300,4300,4300,4300,3030,10,'2021-05-25 07:33:08',20,5,21,1,7,''),(270,'7702417002808','7702417002808','AREPAS QUESUDITAS DON MAIZ','UNIDAD',3900,3900,3900,3900,2350,10,'2021-05-25 07:33:08',20,5,21,1,7,''),(271,'7702417002648','7702417002648','AREPA REPLETICA DE QUESO DON MAIZ','UNIDAD',5500,5500,5500,5500,3278,10,'2021-05-25 07:33:08',20,5,21,1,7,''),(272,'7702417002778','7702417002778','YUKESITAS DON MAIZ','UNIDAD',3950,3950,3950,3950,2356,10,'2021-05-25 07:33:08',20,2,21,1,7,''),(273,'7702085019023','7702085019023','SPAGHETTI DORIA 1000 GR','UNIDAD',5200,5200,5200,5200,4120,10,'2021-05-25 07:33:08',20,2,21,1,7,''),(274,'7702020115162','7702020115162','LASAGNA LA MUÃ‘ECA 400 GR','UNIDAD',8200,8200,8200,8200,6500,10,'2021-05-25 07:33:08',20,2,21,1,7,''),(275,'7702085003398','7702085003398','PASTA DE ARROZ CON QUINOA Y CHIA 250 GR','UNIDAD',7750,7750,7750,7750,6200,10,'2021-05-25 07:33:08',20,2,21,1,7,''),(276,'7707373030469','7707373030469','ACELGA CAMSAL BJ 200G','UNIDAD',4800,4800,4800,4800,4150,10,'2021-05-25 07:33:08',23,5,21,1,7,''),(277,'7707373030148','7707373030148','ESPINACA CAMSAL BJ 200G','UNIDAD',4700,4700,4700,4700,2520,10,'2021-05-25 07:33:08',23,5,21,1,7,''),(278,'7707373030063','7707373030063','LECHUGA MORADA CRESPA BSA 220G','UNIDAD',1900,1900,1900,1900,800,10,'2021-05-25 07:33:08',23,5,21,1,7,''),(279,'7707373030070','7707373030070','LECHUGA MORADA PET 120G CAMSAL','UNIDAD',1900,1900,1900,1900,1100,10,'2021-05-25 07:33:08',23,5,21,1,7,''),(280,'7707373030100','7707373030100','LECHUGA MORADA BSA 170G CAMSAL','UNIDAD',1900,1900,1900,1900,1300,10,'2021-05-25 07:33:08',23,5,21,1,7,''),(281,'7707373030117','7707373030117','LECHUGA ROMANA BSA 170G CAMSAL','UNIDAD',1900,1900,1900,1900,1100,10,'2021-05-25 07:33:08',23,5,21,1,7,''),(282,'7707373030056','7707373030056','LECHUGA TROPICAL PET 120G CAMSAL','UNIDAD',2500,2500,2500,2500,1400,10,'2021-05-25 07:33:08',23,5,21,1,7,''),(283,'7707373030124','7707373030124','LECHUGA VERDE CRESPA BSA 170G CAMSAL','UNIDAD',1900,1900,1900,1900,1100,10,'2021-05-25 07:33:08',23,5,21,1,7,''),(284,'7707373030049','7707373030049','LECHUGA VERDE CRESPA BSA 220G CAMSAL','UNIDAD',1900,1900,1900,1900,800,10,'2021-05-25 07:33:08',23,5,21,1,7,''),(285,'7707373030032','7707373030032','LECHUGA LISA PET 120G CAMSAL','UNIDAD',2500,2500,2500,2500,1400,10,'2021-05-25 07:33:08',23,5,21,1,7,''),(286,'7707373030179','7707373030179','RUGULA BANDEJA 150 GR CAMSAL','UNIDAD',4500,4500,4500,4500,2470,10,'2021-05-25 07:33:08',23,5,21,1,7,''),(287,'6120','6120','ESPINACA BABY 250 GR GRANEL CAMSAL','UNIDAD',2400,2400,2400,2400,1600,10,'2021-05-25 07:33:08',23,5,21,1,7,''),(288,'7707373030087','7707373030087','LECHUGA VERDE CRESPA PET 120G CAMSAL','UNIDAD',2500,2500,2500,2500,1400,10,'2021-05-25 07:33:08',23,5,21,1,7,''),(289,'7702001044542','7702001044542','AVENA ALPINA CON CANELA 250 ML','UNIDAD',2500,2500,2500,2500,1999,10,'2021-05-25 07:33:08',26,1,21,1,7,''),(290,'7702001084999','7702001084999','AVENA FINESSE ALPINA 250 ML','UNIDAD',2990,2990,2990,2990,2516,10,'2021-05-25 07:33:08',26,1,21,1,7,''),(291,'7702001044504','7702001044504','AVENA ORIGINAL ALPINA 250 ML','UNIDAD',2990,2990,2990,2990,2617,10,'2021-05-25 07:33:08',26,1,21,1,7,''),(292,'7702129010665','7702129010665','AVENA 200 ML CJ COLANTA','UNIDAD',1700,1700,1700,1700,1076,10,'2021-05-25 07:33:08',26,1,21,1,7,''),(293,'7702001012053','7702001012053','QUESO PARMESANO 100 GR ALPINA','UNIDAD',7281,7281,7281,7281,5376,10,'2021-05-25 07:33:08',26,1,21,1,7,''),(294,'7702001012022','7702001012022','QUESO PARMESANO 40 GR ALPINA','UNIDAD',3200,3200,3200,3200,2845,10,'2021-05-25 07:33:08',26,1,21,1,7,''),(295,'7702001121731','7702001121731','QUESO SABANA TAJADO 240 GR ALPINA','UNIDAD',12500,12500,12500,12500,10604,10,'2021-05-25 07:33:08',26,1,21,1,7,''),(296,'7702129015455','7702129015455','QUESO SEMIDURO 250 GR COLANTA','UNIDAD',6000,6000,6000,6000,4382,10,'2021-05-25 07:33:08',26,5,21,1,7,''),(297,'7702001016068','7702001016068','QUESO CAMPESINO 250 GR ALPINA','UNIDAD',7500,7500,7500,7500,5863,10,'2021-05-25 07:33:08',26,5,21,1,7,''),(298,'7702129015523','7702129015523','QUESO CAMPESINO 250 GR COLANTA','UNIDAD',5290,5290,5290,5290,4233,10,'2021-05-25 07:33:08',26,5,21,1,7,''),(299,'7702129015219','7702129015219','QUESO SEMIDURO 125 GR COLANTA','UNIDAD',2511,2511,2511,2511,2163,10,'2021-05-25 07:33:08',26,1,21,1,7,''),(300,'7702129025270','7702129025270','QUESO CREMA 40 GR COLANTA','UNIDAD',802,802,802,802,700,10,'2021-05-25 07:33:08',26,1,21,1,7,''),(301,'7702129025201','7702129025201','QUESO CREMA 230 GR COLANTA','UNIDAD',4200,4200,4200,4200,3131,10,'2021-05-25 07:33:08',26,5,21,1,7,''),(302,'7702001015658','7702001015658','QUESO CREMA FINESSE 250 GR ALPINA','UNIDAD',5200,5200,5200,5200,4140,10,'2021-05-25 07:33:08',26,5,21,1,7,''),(303,'7702129020619','7702129020619','QUESO DOBLE CREMA 125 GR COLANTA','UNIDAD',2600,2600,2600,2600,2239,10,'2021-05-25 07:33:08',26,1,21,1,7,''),(304,'7702129025294','7702129025294','QUESO CREMA SLIGHT 230 GR','UNIDAD',5100,5100,5100,5100,4049,10,'2021-05-25 07:33:08',26,5,21,1,7,''),(305,'7702001155170','7702001155170','YOGURT FINNESSE FRUTOS ROJOS 180 GR','UNIDAD',2800,2800,2800,2800,2242,10,'2021-05-25 07:33:08',26,5,21,1,7,''),(306,'454412','454412','QUESO COSTEÃ‘O KILO','UNIDAD',20000,20000,20000,20000,12400,10,'2021-05-25 07:33:08',26,5,21,1,7,''),(307,'7702129020350','7702129020350','QUESO MOZARELLA ALPINA BLOQUE 250 GR','UNIDAD',7900,7900,7900,7900,6466,10,'2021-05-25 07:33:08',26,5,21,1,7,''),(308,'7702129020602','7702129020602','QUESO DOBLE CREMA BLOQUE 250 GR','UNIDAD',6900,6900,6900,6900,4965,10,'2021-05-25 07:33:08',26,5,21,1,7,''),(309,'7702129019309','7702129019309','QUESO PARMESANO COLANTA 100 GR PAQ','UNIDAD',6900,6900,6900,6900,5591,10,'2021-05-25 07:33:08',26,5,21,1,7,''),(310,'7702020017855','7702020017855','CANOLA LIFE 227 GR','UNIDAD',5500,5500,5500,5500,4829,10,'2021-05-25 07:33:08',39,1,21,1,7,''),(311,'781718842174','781718842174','NIBS DE CACAO X 100 GR','UNIDAD',13000,13000,13000,13000,9800,10,'2021-05-25 07:33:08',8,5,21,1,7,''),(312,'781718842167','781718842167','CASCARILLA DE CACAO X 125 GR','UNIDAD',15000,15000,15000,15000,11500,10,'2021-05-25 07:33:08',8,5,21,1,7,''),(313,'781718842181','781718842181','NIBS DE CACAO X 215 GR','UNIDAD',21000,21000,21000,21000,15500,10,'2021-05-25 07:33:08',8,5,21,1,7,''),(314,'7702007059656','7702007059656','GRANOLA SEMILLAS Y CHIA TOSH 300 GR','UNIDAD',8900,8900,8900,8900,5874,10,'2021-05-25 07:33:08',8,5,21,1,7,''),(315,'7702007059649','7702007059649','GRANOLA AVENA Y PASAS TOSH 300 GR','UNIDAD',8900,8900,8900,8900,5874,10,'2021-05-25 07:33:08',8,5,21,1,7,''),(316,'7705230879121','7705230879121','MANI XOE 150 GR','UNIDAD',8900,8900,8900,8900,6800,10,'2021-05-25 07:33:08',30,5,21,1,7,''),(317,'3673674865457','3673674865457','CARBON FOSFORITO','UNIDAD',10000,10000,10000,10000,6000,10,'2021-05-25 07:33:08',30,5,21,1,7,''),(318,'3673674865458','3673674865458','LEÃ‘A FOSFORITO','UNIDAD',8000,8000,8000,8000,5000,10,'2021-05-25 07:33:08',30,5,21,1,7,''),(319,'4263','4263','AZUCAR KILO','UNIDAD',4400,4400,4400,4400,3000,10,'2021-05-25 07:33:08',11,1,21,1,7,''),(320,'7709075451474','7709075451474','SAL PARRILLERA ENDIABLADA 250 GR','UNIDAD',10400,10400,10400,10400,9163,10,'2021-05-25 07:33:08',30,1,21,1,7,''),(321,'7709075451467','7709075451467','SAL PARRILLERA PARA PESCADO 250 GR','UNIDAD',10400,10400,10400,10400,9163,10,'2021-05-25 07:33:08',30,1,21,1,7,''),(322,'7709075451450','7709075451450','SAL PARRILLERA DE CHIMICHURRI 250 GR','UNIDAD',10400,10400,10400,10400,9163,10,'2021-05-25 07:33:08',30,1,21,1,7,''),(323,'7709075451498','7709075451498','SAL PARRILLERA DE PROVENZAL 250 GR','UNIDAD',10400,10400,10400,10400,9163,10,'2021-05-25 07:33:08',30,1,21,1,7,''),(324,'7709075451412','7709075451412','SAL PARRILLERA DE PESTO 250 GR','UNIDAD',10400,10400,10400,10400,9163,10,'2021-05-25 07:33:08',30,1,21,1,7,''),(325,'7760','7760','HUEVO ORGANICO UNIDAD','UNIDAD',600,600,600,600,417,10,'2021-05-25 07:33:08',30,5,21,1,7,''),(326,'7761','7761','HUEVOS ORGANICOS CUBETA X30','UNIDAD',19000,19000,19000,19000,14500,10,'2021-05-25 07:33:08',30,5,21,1,7,''),(327,'7812','7812','CHIMICHURRI ARGENTINO TRADICIONAL 315 GR MR M','UNIDAD',26500,26500,26500,26500,22372,10,'2021-05-25 07:33:08',30,1,21,1,7,''),(328,'7813','7813','CHIMICHURRI ARGENTINO ENDIABLADO 315 GR MR MO','UNIDAD',26500,26500,26500,26500,22372,10,'2021-05-25 07:33:08',30,1,21,1,7,''),(329,'7709788897903','7709788897903','CHIMICHURRI ARGENTINO ENDIABLADO 110 GR MR MO','UNIDAD',10500,10500,10500,10500,8249,10,'2021-05-25 07:33:08',30,1,21,1,7,''),(330,'7709788897989','7709788897989','CHIMICHURRI ARGENTINO TRADICIONAL 110 GR MR M','UNIDAD',10500,10500,10500,10500,8249,10,'2021-05-25 07:33:08',30,1,21,1,7,''),(331,'7702025145188','7702025145188','CEBOLLA CARAMELIZADA 26 GR TOSH','UNIDAD',1458,1458,1458,1458,1268,10,'2021-05-25 07:33:08',30,1,21,1,7,''),(332,'7707226130667','7707226130667','AJO EN PASTA ADOBO 245 GR','UNIDAD',2500,2500,2500,2500,1300,10,'2021-05-25 07:33:08',30,5,21,1,7,''),(333,'7707226131107','7707226131107','CHIMICHURRI ADOBO 100 GR','UNIDAD',2500,2500,2500,2500,1166,10,'2021-05-25 07:33:08',30,5,21,1,7,''),(334,'7707226131084','7707226131084','CILANTRO ADOBO 100 GR','UNIDAD',1500,1500,1500,1500,750,10,'2021-05-25 07:33:08',30,5,21,1,7,''),(335,'7707226131176','7707226131176','PIMENTON ADOBO 100 GR','UNIDAD',1500,1500,1500,1500,750,10,'2021-05-25 07:33:08',30,5,21,1,7,''),(336,'7707226130353','7707226130353','CEBOLLA ADOBO 100 GR','UNIDAD',1500,1500,1500,1500,750,10,'2021-05-25 07:33:08',30,5,21,1,7,''),(337,'7707226131077','7707226131077','TOMILLO, LAUREL Y OREGANO ADOBO 100 GR','UNIDAD',1500,1500,1500,1500,750,10,'2021-05-25 07:33:08',30,5,21,1,7,''),(338,'7707226130537','7707226130537','AJI ADOBO 100 GR','UNIDAD',1500,1500,1500,1500,750,10,'2021-05-25 07:33:08',30,5,21,1,7,''),(339,'7707226130087','7707226130087','AJO ADOBO 100 GR','UNIDAD',1500,1500,1500,1500,750,10,'2021-05-25 07:33:08',30,5,21,1,7,''),(340,'7707226130629','7707226130629','ADOBO 100 GR','UNIDAD',1500,1500,1500,1500,750,10,'2021-05-25 07:33:08',30,5,21,1,7,''),(341,'7707226130551','7707226130551','ADOBO 50 GR','UNIDAD',950,950,950,950,400,10,'2021-05-25 07:33:08',30,5,21,1,7,''),(342,'7707226130018','7707226130018','AJO ADOBO 50 GR','UNIDAD',950,950,950,950,400,10,'2021-05-25 07:33:08',30,5,21,1,7,''),(343,'7707226130469','7707226130469','AJI ADOBO 50 GR','UNIDAD',950,950,950,950,400,10,'2021-05-25 07:33:08',30,5,21,1,7,''),(344,'7707226130728','7707226130728','ADOBO 245 GR','UNIDAD',2500,2500,2500,2500,1300,10,'2021-05-25 07:33:08',30,5,21,1,7,''),(345,'7707226130711','7707226130711','AJI ADOBO 245 GR','UNIDAD',2500,2500,2500,2500,1300,10,'2021-05-25 07:33:08',30,5,21,1,7,''),(346,'7707226130483','7707226130483','AJI ADOBO 500 GR','UNIDAD',4800,4800,4800,4800,2500,10,'2021-05-25 07:33:08',30,5,21,1,7,''),(347,'7707226130032','7707226130032','AJO ADOBO 500 GR','UNIDAD',4800,4800,4800,4800,2500,10,'2021-05-25 07:33:08',30,5,21,1,7,''),(348,'7707226130575','7707226130575','ADOBO 500 GR','UNIDAD',4800,4800,4800,4800,2500,10,'2021-05-25 07:33:08',30,5,21,1,7,''),(349,'7707226130773','7707226130773','ADOBO 1000 GR','UNIDAD',8500,8500,8500,8500,4500,10,'2021-05-25 07:33:08',30,5,21,1,7,''),(350,'7707226133774','7707226133774','AJO ADOBO 1000 GR','UNIDAD',8500,8500,8500,8500,4500,10,'2021-05-25 07:33:08',30,5,21,1,7,''),(351,'7707226130766','7707226130766','AJI ADOBO 1000 GR','UNIDAD',8500,8500,8500,8500,4500,10,'2021-05-25 07:33:08',30,5,21,1,7,''),(352,'7814','7814','EMPANADAS LABNE+CARNE','UNIDAD',24300,24300,24300,24300,21150,10,'2021-05-25 07:33:08',30,5,21,1,7,''),(353,'7815','7815','YUQUITAS COSTEÃ‘O','UNIDAD',15700,15700,15700,15700,13650,10,'2021-05-25 07:33:08',30,5,21,1,7,''),(354,'7816','7816','HUMMUS TRADICIONAL','UNIDAD',15700,15700,15700,15700,13650,10,'2021-05-25 07:33:08',30,5,21,1,7,''),(355,'7817','7817','BABAGANOUSH','UNIDAD',15700,15700,15700,15700,13650,10,'2021-05-25 07:33:08',30,5,21,1,7,''),(356,'7818','7818','HUMMUS JALAPEÃ‘O','UNIDAD',15700,15700,15700,15700,13650,10,'2021-05-25 07:33:08',30,5,21,1,7,''),(357,'7819','7819','FALAFEL','UNIDAD',20000,20000,20000,20000,17400,10,'2021-05-25 07:33:08',30,5,21,1,7,''),(358,'7820','7820','QUIBBE VEGANO','UNIDAD',20000,20000,20000,20000,17400,10,'2021-05-25 07:33:08',30,5,21,1,7,''),(359,'7821','7821','QUIBBE TRADICIONAL','UNIDAD',24300,24300,24300,24300,21150,10,'2021-05-25 07:33:08',30,5,21,1,7,''),(360,'7822','7822','ACEITUNAS SURTIDAS','UNIDAD',24300,24300,24300,24300,21150,10,'2021-05-25 07:33:08',30,5,21,1,7,''),(361,'7823','7823','MACADAMIA','UNIDAD',22500,22500,22500,22500,18000,10,'2021-05-25 07:33:08',30,5,21,1,7,''),(362,'7824','7824','CHIPS DE CHOCOLATES VEGANOS','UNIDAD',25000,25000,25000,25000,20000,10,'2021-05-25 07:33:08',30,5,21,1,7,''),(363,'7825','7825','SEMILLAS GIRASOL','UNIDAD',15000,15000,15000,15000,12000,10,'2021-05-25 07:33:08',30,5,21,1,7,''),(364,'7826','7826','ARANDANOS DESHIDRATADOS','UNIDAD',25000,25000,25000,25000,20000,10,'2021-05-25 07:33:08',30,5,21,1,7,''),(365,'7827','7827','SEMILLAS DE CALABAZA','UNIDAD',35000,35000,35000,35000,28000,10,'2021-05-25 07:33:08',30,5,21,1,7,''),(366,'3673674864628','3673674864628','INICIADOR DE FUEGO','UNIDAD',4000,4000,4000,4000,2000,10,'2021-05-25 07:33:08',30,5,21,1,7,''),(367,'7701018067469','7701018067469','SALSA CHINA 180 GR','UNIDAD',3300,3300,3300,3300,2853,10,'2021-05-25 07:33:08',33,1,21,1,7,''),(368,'7701018070414','7701018070414','SALSA NEGRA 180 GR','UNIDAD',3300,3300,3300,3300,2853,10,'2021-05-25 07:33:08',33,1,21,1,7,''),(369,'7701018067421','7701018067421','SALSA PARA CARNES 180 GR','UNIDAD',3450,3450,3450,3450,2984,10,'2021-05-25 07:33:08',33,1,21,1,7,''),(370,'7701018067445','7701018067445','SALSA CURRY 180 GR','UNIDAD',3016,3016,3016,3016,2623,10,'2021-05-25 07:33:08',33,1,21,1,7,''),(371,'7701018070391','7701018070391','SALSA COLMANS SOYA 180 GR','UNIDAD',3483,3483,3483,3483,2854,10,'2021-05-25 07:33:08',33,1,21,1,7,''),(372,'3270','3270','COLOR COCINA SALSA NAPOLITANA 200 GR','UNIDAD',10000,10000,10000,10000,8000,10,'2021-05-25 07:33:08',33,5,21,1,7,''),(373,'3271','3271','COLOR COCINA SALSA PASSATTA 200 GR','UNIDAD',12500,12500,12500,12500,10000,10,'2021-05-25 07:33:08',33,5,21,1,7,''),(374,'3272','3272','COLOR COCINA SALSA PIMENTON 200 GR','UNIDAD',10000,10000,10000,10000,8000,10,'2021-05-25 07:33:08',33,5,21,1,7,''),(375,'3273','3273','COLOR COCINA SALSA ROJA PICANTE 200 GR','UNIDAD',12500,12500,12500,12500,10000,10,'2021-05-25 07:33:08',33,5,21,1,7,''),(376,'3274','3274','COLOR COCINA SALSA VERDE PICANTE 200 GR','UNIDAD',12500,12500,12500,12500,10000,10,'2021-05-25 07:33:08',33,5,21,1,7,''),(377,'3275','3275','COLOR COCINA SALSA CURRY ORO 200 GR','UNIDAD',18000,18000,18000,18000,15000,10,'2021-05-25 07:33:08',33,5,21,1,7,''),(378,'3276','3276','COLOR COCINA SALSA CURRY VERDE 200 GR','UNIDAD',18000,18000,18000,18000,15000,10,'2021-05-25 07:33:08',33,5,21,1,7,''),(379,'3277','3277','COLOR COCINA SALSA CURRY ROJO 200 GR','UNIDAD',18000,18000,18000,18000,15000,10,'2021-05-25 07:33:08',33,5,21,1,7,''),(380,'3278','3278','COLOR COCINA SALSA CHITNEY 200 GR','UNIDAD',18750,18750,18750,18750,15000,10,'2021-05-25 07:33:08',33,5,21,1,7,''),(381,'3279','3279','COLOR COCINA SALSA MOLE 200 GR','UNIDAD',18000,18000,18000,18000,15000,10,'2021-05-25 07:33:08',33,5,21,1,7,''),(382,'3280','3280','COLOR COCINA SALSA NAPOLITANA 460 GR','UNIDAD',21500,21500,21500,21500,18000,10,'2021-05-25 07:33:08',33,5,21,1,7,''),(383,'3281','3281','COLOR COCINA SALSA PASSATE 460 GR','UNIDAD',27500,27500,27500,27500,22000,10,'2021-05-25 07:33:08',33,5,21,1,7,''),(384,'3282','3282','COLOR COCINA SALSA PIMENTON 460 GR','UNIDAD',21500,21500,21500,21500,18000,10,'2021-05-25 07:33:08',33,5,21,1,7,''),(385,'3283','3283','COLOR COCINA SALSA ROJA PICANTE 460 GR','UNIDAD',22500,22500,22500,22500,18000,10,'2021-05-25 07:33:08',33,5,21,1,7,''),(386,'3284','3284','COLOR COCINA SALSA VERDE PICANTE 460 GR','UNIDAD',22500,22500,22500,22500,18000,10,'2021-05-25 07:33:08',33,5,21,1,7,''),(387,'3285','3285','COLOR COCINA SALSA CURRY ORO 460 GR','UNIDAD',30500,30500,30500,30500,25000,10,'2021-05-25 07:33:08',33,5,21,1,7,''),(388,'3286','3286','COLOR COCINA SALSA CURRY VERDE 460 GR','UNIDAD',30500,30500,30500,30500,25000,10,'2021-05-25 07:33:08',33,5,21,1,7,''),(389,'3287','3287','COLOR COCINA SALSA CURRY ROJO 460 GR','UNIDAD',30500,30500,30500,30500,25000,10,'2021-05-25 07:33:08',33,5,21,1,7,''),(390,'3288','3288','COLOR COCINA SALSA CHITNEY 460 GR','UNIDAD',31250,31250,31250,31250,25000,10,'2021-05-25 07:33:08',33,5,21,1,7,''),(391,'3289','3289','COLOR COCINA SALSA MOLE 460 GR','UNIDAD',30500,30500,30500,30500,25000,10,'2021-05-25 07:33:08',33,5,21,1,7,''),(392,'16621','16621','ALBONDIGA QUINUA 440 GR','UNIDAD',13000,13000,13000,13000,7941,10,'2021-05-25 07:33:08',45,5,21,1,7,''),(393,'250521','250521','CHORIZO VEGETARIANO 250 GR','UNIDAD',13000,13000,13000,13000,7941,10,'2021-05-25 07:33:08',45,5,21,1,7,''),(394,'280621','280621','CHORIZO VEGANO 250 GR','UNIDAD',13000,13000,13000,13000,7941,10,'2021-05-25 07:33:08',45,5,21,1,7,''),(395,'7709447224743','7709447224743','HAMBURGUESA AMARANTO 420 GR','UNIDAD',13000,13000,13000,13000,7941,10,'2021-05-25 07:33:08',45,5,21,1,7,''),(396,'280521','280521','HAMBURGUESA ORELLANA 420 GR','UNIDAD',13000,13000,13000,13000,7941,10,'2021-05-25 07:33:08',45,5,21,1,7,''),(397,'220421','220421','MORCILLA VEGANA 250 GR','UNIDAD',13000,13000,13000,13000,7941,10,'2021-05-25 07:33:08',45,5,21,1,7,''),(398,'270521','270521','MORCILLA VEGETARIANA 250 GR','UNIDAD',13000,13000,13000,13000,7941,10,'2021-05-25 07:33:08',45,5,21,1,7,''),(399,'30621','30621','SALCHICHA VEGANA 320 GR','UNIDAD',13000,13000,13000,13000,7941,10,'2021-05-25 07:33:08',45,5,21,1,7,''),(400,'7702025117079','7702025117079','GALLETA TOSH AJONJOLI PQ','UNIDAD',800,800,800,800,557,10,'2021-05-25 07:33:08',34,1,21,1,7,''),(401,'7702025100279','7702025100279','GALLETA TOSH CON CHOCOLATE X 6','UNIDAD',4990,4990,4990,4990,3998,10,'2021-05-25 07:33:08',34,1,21,1,7,''),(402,'7702025100156','7702025100156','GALLETA TOSH MIEL PQ','UNIDAD',800,800,800,800,557,10,'2021-05-25 07:33:08',34,1,21,1,7,''),(403,'7702025130795','7702025130795','GALLETA TOSH MOUSE NARANJA 6 PQ 148 GR','UNIDAD',4860,4860,4860,4860,4165,10,'2021-05-25 07:33:08',34,1,21,1,7,''),(404,'7702025130801','7702025130801','GALLETA TOSH MOUSSE DE NARANJA PQ','UNIDAD',810,810,810,810,649,10,'2021-05-25 07:33:08',34,1,21,1,7,''),(405,'7702025103379','7702025103379','GALLETA TOSH VAINILLA','UNIDAD',4860,4860,4860,4860,4165,10,'2021-05-25 07:33:08',34,1,21,1,7,''),(406,'7702025110681','7702025110681','GALLETAS INTEGRALES DOBLE FIBRA','UNIDAD',4800,4800,4800,4800,4117,10,'2021-05-25 07:33:08',34,1,21,1,7,''),(407,'7702025126323','7702025126323','GALLETAS SALTIN NOEL CON SEMILLAS Y CEREALES','UNIDAD',4200,4200,4200,4200,3451,10,'2021-05-25 07:33:08',34,1,21,1,7,''),(408,'7702025125524','7702025125524','GALLETAS TOSH FRESA X 6 U','UNIDAD',4990,4990,4990,4990,3998,10,'2021-05-25 07:33:08',34,1,21,1,7,''),(409,'7702025103362','7702025103362','GALLETAS TOSH VAINILLA 6 U','UNIDAD',4990,4990,4990,4990,3998,10,'2021-05-25 07:33:08',34,1,21,1,7,''),(410,'7702025123445','7702025123445','GALLETAS TOSH X 9 PAQ CON FUSION DE CEREALES','UNIDAD',7128,7128,7128,7128,5021,10,'2021-05-25 07:33:08',34,1,21,1,7,''),(411,'7702025117062','7702025117062','GALLETAS TOSH X 9 PAQ CON AJONJOLI','UNIDAD',7128,7128,7128,7128,5021,10,'2021-05-25 07:33:08',34,1,21,1,7,''),(412,'7702025186969','7702025186969','GALLETAS TOSH MIEL 9 PQ 270 GR','UNIDAD',5800,5800,5800,5800,5022,10,'2021-05-25 07:33:08',34,1,21,1,7,''),(413,'7702025131211','7702025131211','SALTIN NOEL MAIZ 420 GR','UNIDAD',4500,4500,4500,4500,3927,10,'2021-05-25 07:33:08',34,1,21,1,7,''),(414,'7702025142392','7702025142392','SALTIN NOEL QUESO TIPO HOLANDES 220 GR','UNIDAD',3600,3600,3600,3600,3180,10,'2021-05-25 07:33:08',34,1,21,1,7,''),(415,'7702025126316','7702025126316','SALTIN NOEL SEMILLAS Y CEREALES 432 GR','UNIDAD',4900,4900,4900,4900,4320,10,'2021-05-25 07:33:08',34,1,21,1,7,''),(416,'7702025189243','7702025189243','SALTIN NOEL INTEGRAL 415 GR','UNIDAD',4700,4700,4700,4700,4117,10,'2021-05-25 07:33:08',34,1,21,1,7,''),(417,'7709281642727','7709281642727','CROCKING 60 GR','UNIDAD',2800,2800,2800,2800,1960,10,'2021-05-25 07:33:08',34,5,21,1,7,''),(418,'7709281642703','7709281642703','CROCKING TOSTONES 5 UND','UNIDAD',7500,7500,7500,7500,5250,10,'2021-05-25 07:33:08',34,5,21,1,7,''),(419,'7709281642765','7709281642765','CROCKING 200 GR','UNIDAD',8200,8200,8200,8200,5740,10,'2021-05-25 07:33:08',34,5,21,1,7,''),(420,'7702025131389','7702025131389','GTA TOSH FUSION DE CEREAL TC X 2','UNIDAD',5290,5290,5290,5290,4165,10,'2021-05-25 07:33:08',34,5,21,1,7,''),(421,'7702025113132','7702025113132','GTA DUCALES TC X 2','UNIDAD',4700,4700,4700,4700,3749,10,'2021-05-25 07:33:08',34,5,21,1,7,''),(422,'1212121212','1212121212','GRANOLA COCO 480 GR','UNIDAD',10000,10000,10000,10000,8000,10,'2021-05-25 07:33:08',34,5,21,1,7,''),(423,'1212124444','1212124444','GRANOLA ALMENDRAS','UNIDAD',16250,16250,16250,16250,13000,10,'2021-05-25 07:33:08',34,5,21,1,7,''),(424,'1212123333','1212123333','GRANOLA COCO PEQUEÃ‘A','UNIDAD',5000,5000,5000,5000,4000,10,'2021-05-25 07:33:08',34,5,21,1,7,''),(425,'4447896','4447896','PAN BANANO CHOCOLATE NOM NOM','UNIDAD',20000,20000,20000,20000,16000,10,'2021-05-25 07:33:08',34,5,21,1,7,''),(426,'4447897','4447897','PAN BANANO COCO NOM NOM','UNIDAD',20000,20000,20000,20000,16000,10,'2021-05-25 07:33:08',34,5,21,1,7,''),(427,'4447898','4447898','PAN BANANO NUECES NOM NOM','UNIDAD',20000,20000,20000,20000,16000,10,'2021-05-25 07:33:08',34,5,21,1,7,''),(428,'4447899','4447899','PAN BRAWNIE NOM NOM','UNIDAD',24000,24000,24000,24000,19000,10,'2021-05-25 07:33:08',34,5,21,1,7,''),(429,'7702025118311','7702025118311','NOEL GALLETAS TIPO LECHE','UNIDAD',3402,3402,3402,3402,3000,10,'2021-05-25 07:33:08',34,1,21,1,7,''),(430,'7707373030018','7707373030018','COGOLLITOS EUROPEOS BDEJA 300G','UNIDAD',4800,4800,4800,4800,2570,10,'2021-05-25 07:33:08',23,5,21,1,7,''),(431,'6121','6121','COGOLLOS GRANEL 250 GR','UNIDAD',2400,2400,2400,2400,1500,10,'2021-05-25 07:33:08',23,5,21,1,7,''),(432,'7707373030322','7707373030322','ENDIVIA BANDEJA X 200G','UNIDAD',11400,11400,11400,11400,7520,10,'2021-05-25 07:33:08',23,5,21,1,7,''),(433,'7707373030209','7707373030209','GUISANTE CAMSAL X 250 GR','UNIDAD',5100,5100,5100,5100,3520,10,'2021-05-25 07:33:08',23,5,21,1,7,''),(434,'7707373030421','7707373030421','HABICHUELINA CAMSAL BDEJA 250G','UNIDAD',4600,4600,4600,4600,2620,10,'2021-05-25 07:33:08',23,5,21,1,7,''),(435,'7707373030704','7707373030704','KALE BDEJA 300G CAMSAL','UNIDAD',4900,4900,4900,4900,3020,10,'2021-05-25 07:33:08',23,5,21,1,7,''),(436,'6122','6122','KALE GRANEL 250 GR CAMSAL','UNIDAD',2400,2400,2400,2400,1500,10,'2021-05-25 07:33:08',23,5,21,1,7,''),(437,'6123','6123','MEZCLAS ASIATICAS 250 GR GRANEL','UNIDAD',2400,2400,2400,2400,1450,10,'2021-05-25 07:33:08',23,5,21,1,7,''),(438,'7707373030445','7707373030445','MEZCLAS ASIATICAS CAMSAL 200 GR','UNIDAD',4900,4900,4900,4900,2820,10,'2021-05-25 07:33:08',23,5,21,1,7,''),(439,'7707373030315','7707373030315','OKRA 250 GR CAMSAL','UNIDAD',7100,7100,7100,7100,5720,10,'2021-05-25 07:33:08',23,5,21,1,7,''),(440,'7707373030155','7707373030155','RABANO BANDEJA 250G','UNIDAD',3500,3500,3500,3500,1800,10,'2021-05-25 07:33:08',35,5,21,1,7,''),(441,'7707373030643','7707373030643','RADICCIO BDEJA 300G','UNIDAD',5500,5500,5500,5500,3600,10,'2021-05-25 07:33:08',23,5,21,1,7,''),(442,'7707373030650','7707373030650','REPOLLITAS BDEJA 300 G','UNIDAD',4900,4900,4900,4900,3700,10,'2021-05-25 07:33:08',23,5,21,1,7,''),(443,'7707373030285','7707373030285','ZUCCHINI COMBINADO BDEJA 500G','UNIDAD',4600,4600,4600,4600,2580,10,'2021-05-25 07:33:08',23,5,21,1,7,''),(444,'7707373030283','7707373030283','ZUCCHINI VERDE BDEJA 500G','UNIDAD',4600,4600,4600,4600,2580,10,'2021-05-25 07:33:08',23,5,21,1,7,''),(445,'7707373030711','7707373030711','TALLOS BDEJA 200G','UNIDAD',6250,6250,6250,6250,4380,10,'2021-05-25 07:33:08',23,5,21,1,7,''),(446,'7707373030292','7707373030292','TOMATE CHERRY CAMSAL 500G','UNIDAD',5900,5900,5900,5900,3700,10,'2021-05-25 07:33:08',23,5,21,1,7,''),(447,'6124','6124','RUGULA 250 GR GRANEL','UNIDAD',2400,2400,2400,2400,1300,10,'2021-05-25 07:33:08',23,5,21,1,7,''),(448,'7707373030186','7707373030186','ZANAHORIA MINI 250G CAMSAL','UNIDAD',7800,7800,7800,7800,5320,10,'2021-05-25 07:33:08',23,5,21,1,7,''),(449,'2101','2101','AGRAZ 125 GR','UNIDAD',2000,2000,2000,2000,1125,10,'2021-05-25 07:33:08',16,5,21,1,7,''),(450,'2102','2102','AGRAZ KILO','KILO',9200,9200,9200,9200,5000,10,'2021-05-25 07:33:08',16,5,21,1,7,''),(451,'2103','2103','AGUACATE HASS KILO','KILO',11800,11800,11800,11800,6500,10,'2021-05-25 07:33:08',16,5,21,1,7,''),(452,'2104','2104','AGUACATE PAPELILLO KILO','KILO',10000,10000,10000,10000,6000,10,'2021-05-25 07:33:08',16,5,21,1,7,''),(453,'2106','2106','ARANDANO 125 GR','UNIDAD',6500,6500,6500,6500,3800,10,'2021-05-25 07:33:08',16,5,21,1,7,''),(454,'2107','2107','ARANDANO KILO','KILO',30000,30000,30000,30000,22000,10,'2021-05-25 07:33:08',16,5,21,1,7,''),(455,'2108','2108','ARANDANOS 250 GR','UNIDAD',12500,12500,12500,12500,8000,10,'2021-05-25 07:33:08',16,5,21,1,7,''),(456,'2109','2109','BANANO BOCADILLO KILO','KILO',3600,3600,3600,3600,1692,10,'2021-05-25 07:33:08',16,5,21,1,7,''),(457,'2110','2110','BANANO CRIOLLO KILO','KILO',3900,3900,3900,3900,2154,10,'2021-05-25 07:33:08',16,5,21,1,7,''),(458,'2111','2111','BANANO URABA KILO','KILO',3600,3600,3600,3600,1944,10,'2021-05-25 07:33:08',16,5,21,1,7,''),(459,'2112','2112','BOROJO KILO','KILO',8200,8200,8200,8200,6000,10,'2021-05-25 07:33:08',16,5,21,1,7,''),(460,'2114','2114','CIRUELA IMPORTADA KILO','KILO',15500,15500,15500,15500,7778,10,'2021-05-25 07:33:08',16,5,21,1,7,''),(461,'2115','2115','CIRUELA NACIONAL KILO','KILO',2800,2800,2800,2800,1600,10,'2021-05-25 07:33:08',16,5,21,1,7,''),(462,'2116','2116','CIRUELA ROJA BANDEJA','UNIDAD',2500,2500,2500,2500,1300,10,'2021-05-25 07:33:08',16,5,21,1,7,''),(463,'2117','2117','KIWI KILO','KILO',17900,17900,17900,17900,10000,10,'2021-05-25 07:33:08',16,5,21,1,7,''),(464,'2118','2118','CURUBA KILO','KILO',2800,2800,2800,2800,1600,10,'2021-05-25 07:33:08',16,5,21,1,7,''),(465,'2119','2119','DURAZNO CRIOLLO KILO','KILO',6200,6200,6200,6200,3500,10,'2021-05-25 07:33:08',16,5,21,1,7,''),(466,'2120','2120','DURAZNO NECTARI KILO','KILO',12900,12900,12900,12900,7000,10,'2021-05-25 07:33:08',16,5,21,1,7,''),(467,'2121','2121','FEIJOA KILO','KILO',8400,8400,8400,8400,5000,10,'2021-05-25 07:33:08',16,5,21,1,7,''),(468,'2122','2122','FRAMBUESA CJ','UNIDAD',7000,7000,7000,7000,4000,10,'2021-05-25 07:33:08',16,5,21,1,7,''),(469,'2123','2123','FRESA KILO','KILO',12500,12500,12500,12500,5625,10,'2021-05-25 07:33:08',16,5,21,1,7,''),(470,'2124','2124','GRANADILLA KILO','KILO',12500,12500,12500,12500,6667,10,'2021-05-25 07:33:08',16,5,21,1,7,''),(471,'2125','2125','GUANABANA KILO','KILO',4300,4300,4300,4300,2500,10,'2021-05-25 07:33:08',16,5,21,1,7,''),(472,'2126','2126','GUAYABA KILO','KILO',5400,5400,5400,5400,3124,10,'2021-05-25 07:33:08',16,5,21,1,7,''),(473,'2129','2129','HIGO KILO','KILO',6800,6800,6800,6800,4000,10,'2021-05-25 07:33:08',16,5,21,1,7,''),(474,'2130','2130','LIMON TAHITI KILO','KILO',6200,6200,6200,6200,3500,10,'2021-05-25 07:33:08',16,5,21,1,7,''),(475,'2131','2131','LULO KILO','KILO',6800,6800,6800,6800,4000,10,'2021-05-25 07:33:08',16,5,21,1,7,''),(476,'2132','2132','MANDARINA ARRAYANA KILO','KILO',4600,4600,4600,4600,2500,10,'2021-05-25 07:33:08',16,5,21,1,7,''),(477,'2133','2133','MANDARINA IRRAELI KILO','KILO',4200,4200,4200,4200,2292,10,'2021-05-25 07:33:08',16,5,21,1,7,''),(478,'2134','2134','MANGO AZUCAR KILO','KILO',4200,4200,4200,4200,2500,10,'2021-05-25 07:33:08',16,5,21,1,7,''),(479,'2135','2135','MANGO COMUN KILO','KILO',3800,3800,3800,3800,2222,10,'2021-05-25 07:33:08',16,5,21,1,7,''),(480,'2136','2136','MANGO TOMMY KILO','KILO',3600,3600,3600,3600,2222,10,'2021-05-25 07:33:08',16,5,21,1,7,''),(481,'2137','2137','MANZANA AGUA KILO','KILO',3600,3600,3600,3600,1750,10,'2021-05-25 07:33:08',16,5,21,1,7,''),(482,'2138','2138','MANZANA GALA CALIBRE 100 KILO','KILO',12200,12200,12200,12200,8000,10,'2021-05-25 07:33:08',16,5,21,1,7,''),(483,'2139','2139','MANZANA GALA UND','UNIDAD',1700,1700,1700,1700,1111,10,'2021-05-25 07:33:08',16,5,21,1,7,''),(484,'2140','2140','MANZANA GOLDEN UND','UNIDAD',1700,1700,1700,1700,1079,10,'2021-05-25 07:33:08',16,5,21,1,7,''),(485,'2141','2141','MANZANA HANNA KILO','KILO',5300,5300,5300,5300,3077,10,'2021-05-25 07:33:08',16,5,21,1,7,''),(486,'2142','2142','MANZANA VERDE KILO CAL 100','KILO',13500,13500,13500,13500,10714,10,'2021-05-25 07:33:08',16,5,21,1,7,''),(487,'2143','2143','MANZANA VERDE UNIDAD','UNIDAD',1800,1800,1800,1800,1190,10,'2021-05-25 07:33:08',16,5,21,1,7,''),(488,'2144','2144','MARACUYA KILO','KILO',2700,2700,2700,2700,1800,10,'2021-05-25 07:33:08',16,5,21,1,7,''),(489,'2145','2145','MELON KILO','KILO',3400,3400,3400,3400,1750,10,'2021-05-25 07:33:08',16,5,21,1,7,''),(490,'2146','2146','MELON SALDO KILO','KILO',2900,2900,2900,2900,2500,10,'2021-05-25 07:33:08',16,5,21,1,7,''),(491,'2147','2147','MORA KILO','KILO',7200,7200,7200,7200,3333,10,'2021-05-25 07:33:08',16,5,21,1,7,''),(492,'2148','2148','MORINGA KILO','KILO',100000,100000,100000,100000,80000,10,'2021-05-25 07:33:08',16,5,21,1,7,''),(493,'2149','2149','MORINGA PAQUETE','UNIDAD',4000,4000,4000,4000,3000,10,'2021-05-25 07:33:08',16,5,21,1,7,''),(494,'2150','2150','NARANJA SWEET MALLA 4 LB','UNIDAD',4900,4900,4900,4900,2600,10,'2021-05-25 07:33:08',16,5,21,1,7,''),(495,'2151','2151','NARANJA TANGELO KILO','KILO',4200,4200,4200,4200,2037,10,'2021-05-25 07:33:08',16,5,21,1,7,''),(496,'2153','2153','NARANJA VALENCIA KILO','KILO',2400,2400,2400,2400,1150,10,'2021-05-25 07:33:08',16,5,21,1,7,''),(497,'2155','2155','Ã‘AME KILO','KILO',5200,5200,5200,5200,3000,10,'2021-05-25 07:33:08',16,5,21,1,7,''),(498,'2156','2156','PAPAYA TAINU KILO','KILO',3400,3400,3400,3400,2000,10,'2021-05-25 07:33:08',16,5,21,1,7,''),(499,'2157','2157','PAPAYA TAINU SALDO KILO','KILO',2200,2200,2200,2200,1867,10,'2021-05-25 07:33:08',16,5,21,1,7,''),(500,'2158','2158','PAPAYUELA KILO','KILO',3800,3800,3800,3800,2000,10,'2021-05-25 07:33:08',16,5,21,1,7,''),(501,'2159','2159','PERA NACIONAL KILO','KILO',3000,3000,3000,3000,1600,10,'2021-05-25 07:33:08',16,5,21,1,7,''),(502,'2160','2160','PERA VERDE UNIDAD','UNIDAD',2600,2600,2600,2600,1974,10,'2021-05-25 07:33:08',16,5,21,1,1,''),(503,'2161','2161','PIÃ‘A EN RODAJAS KILO','KILO',3900,3900,3900,3900,1636,10,'2021-05-25 07:33:08',16,5,21,1,7,''),(504,'2162','2162','PIÃ‘A GOLDEN KILO','KILO',3400,3400,3400,3400,1636,10,'2021-05-25 07:33:08',16,5,21,1,7,''),(505,'2163','2163','PIÃ‘A MAYANES KILO','KILO',2600,2600,2600,2600,1900,10,'2021-05-25 07:33:08',16,5,21,1,7,''),(506,'2164','2164','PITAHAYA KILO','KILO',14000,14000,14000,14000,7143,10,'2021-05-25 07:33:08',16,5,21,1,7,''),(507,'2166','2166','PULPA DE CURUBA 500 GR','UNIDAD',3500,3500,3500,3500,1874,10,'2021-05-25 07:33:08',44,5,21,1,7,''),(508,'2167','2167','PULPA DE FRESA 500 GR','UNIDAD',5400,5400,5400,5400,4250,10,'2021-05-25 07:33:08',44,5,21,1,7,''),(509,'2168','2168','PULPA DE GUAYABA PQ 500 GR','UNIDAD',2900,2900,2900,2900,1227,10,'2021-05-25 07:33:08',44,5,21,1,7,''),(510,'2169','2169','PULPA DE LULO 500 GR','UNIDAD',3420,3420,3420,3420,2196,10,'2021-05-25 07:33:08',44,5,21,1,7,''),(511,'2170','2170','PULPA DE MANGO 500 GR','UNIDAD',3800,3800,3800,3800,3166,10,'2021-05-25 07:33:08',44,5,21,1,7,''),(512,'2171','2171','PULPA DE MARACUYA 500 GR','UNIDAD',3800,3800,3800,3800,2700,10,'2021-05-25 07:33:08',44,5,21,1,7,''),(513,'2172','2172','PULPA DE MELON 500 GR','UNIDAD',3800,3800,3800,3800,1800,10,'2021-05-25 07:33:08',44,5,21,1,7,''),(514,'2173','2173','PULPA DE MORA 500 GR','UNIDAD',3420,3420,3420,3420,2500,10,'2021-05-25 07:33:08',44,5,21,1,7,''),(515,'2174','2174','PULPA DE PAPAYA PQ 500 GR','UNIDAD',3420,3420,3420,3420,1916,10,'2021-05-25 07:33:08',44,5,21,1,7,''),(516,'2175','2175','PULPA DE PERA PQ 500 GR','UNIDAD',3420,3420,3420,3420,1700,10,'2021-05-25 07:33:08',44,5,21,1,7,''),(517,'2176','2176','PULPA DE PIÃ‘A PQ 500 GR','UNIDAD',3420,3420,3420,3420,1736,10,'2021-05-25 07:33:08',44,5,21,1,7,''),(518,'2177','2177','PULPA DE TOMATE DE ARBOL PQ 500 GR','UNIDAD',3420,3420,3420,3420,1860,10,'2021-05-25 07:33:08',44,5,21,1,7,''),(519,'2178','2178','PULPA GUANABANA PQ 500 GR','UNIDAD',3900,3900,3900,3900,2200,10,'2021-05-25 07:33:08',44,5,21,1,7,''),(520,'2179','2179','ALOE VERA 370 GR COSECHA','UNIDAD',4500,4500,4500,4500,2500,10,'2021-05-25 07:33:08',44,5,21,1,7,''),(521,'2180','2180','ARRACACHA VACIO 500 GR COSECHA','UNIDAD',3420,3420,3420,3420,1950,10,'2021-05-25 07:33:08',44,5,21,1,7,''),(522,'2181','2181','YUCA VACIO 500 GR COSECHA','UNIDAD',3420,3420,3420,3420,1700,10,'2021-05-25 07:33:08',44,5,21,1,7,''),(523,'2182','2182','ZANAHORIA VACIO COSECHA 500 GR','UNIDAD',3420,3420,3420,3420,1600,10,'2021-05-25 07:33:08',44,5,21,1,7,''),(524,'2183','2183','HABICHUELA AL VACIO 500 GR COSECHA','UNIDAD',3420,3420,3420,3420,2500,10,'2021-05-25 07:33:08',44,5,21,1,7,''),(525,'2184','2184','MIX DE VERDURAS COSECHA 500 GR','UNIDAD',3800,3800,3800,3800,2500,10,'2021-05-25 07:33:08',44,5,21,1,7,''),(526,'2185','2185','ZANAHORIA CON REMOLACHA VACIO 500 GR','UNIDAD',3420,3420,3420,3420,2500,10,'2021-05-25 07:33:08',44,5,21,1,7,''),(527,'2186','2186','SANDIA BABY KILO','KILO',3600,3600,3600,3600,2000,10,'2021-05-25 07:33:08',16,5,21,1,7,''),(528,'2187','2187','SANDIA BABY KILO SALDO','KILO',2500,2500,2500,2500,2000,10,'2021-05-25 07:33:08',16,5,21,1,7,''),(529,'2189','2189','TOMATE DE ARBOL KILO','KILO',3600,3600,3600,3600,2000,10,'2021-05-25 07:33:08',16,5,21,1,7,''),(530,'2190','2190','TORONJA ROJA KILO','KILO',5400,5400,5400,5400,2419,10,'2021-05-25 07:33:08',16,5,21,1,7,''),(531,'2191','2191','UCHUVA CAJA','UNIDAD',1900,1900,1900,1900,1000,10,'2021-05-25 07:33:08',16,5,21,1,7,''),(532,'2192','2192','UVA IMPORTADA','KILO',16900,16900,16900,16900,10000,10,'2021-05-25 07:33:08',16,5,21,1,7,''),(533,'2193','2193','UVA ISABELA BANDEJA','UNIDAD',2400,2400,2400,2400,1500,10,'2021-05-25 07:33:08',16,5,21,1,7,''),(534,'2194','2194','UVA ROJA KILO','KILO',11200,11200,11200,11200,6667,10,'2021-05-25 07:33:08',16,5,21,1,7,''),(535,'2195','2195','UVA SIN SEMILLA','KILO',25000,25000,25000,25000,20000,10,'2021-05-25 07:33:08',16,5,21,1,7,''),(536,'2196','2196','UVA VERDE KILO','KILO',11500,11500,11500,11500,6333,10,'2021-05-25 07:33:08',16,5,21,1,7,''),(537,'2197','2197','ZAPOTE KILO','KILO',4600,4600,4600,4600,3000,10,'2021-05-25 07:33:08',16,5,21,1,7,''),(538,'3101','3101','ACHOTE KILO','KILO',10000,10000,10000,10000,5714,10,'2021-05-25 07:33:08',16,5,21,1,7,''),(539,'3102','3102','AHUYAMA BANDEJA','UNIDAD',4000,4000,4000,4000,3000,10,'2021-05-25 07:33:08',36,5,21,1,7,''),(540,'3103','3103','AHUYAMA KILO','KILO',3800,3800,3800,3800,2200,10,'2021-05-25 07:33:08',36,5,21,1,7,''),(541,'3104','3104','AJI DULCE KILO','UNIDAD',8900,8900,8900,8900,5000,10,'2021-05-25 07:33:08',36,5,21,1,7,''),(542,'3105','3105','AJI JALAPEÃ‘O','KILO',15000,15000,15000,15000,10000,10,'2021-05-25 07:33:08',36,5,21,1,7,''),(543,'3106','3106','AJI LIMO KILO','UNIDAD',8900,8900,8900,8900,5000,10,'2021-05-25 07:33:08',36,5,21,1,7,''),(544,'3107','3107','AJI PEPA','KILO',8900,8900,8900,8900,5000,10,'2021-05-25 07:33:08',36,5,21,1,7,''),(545,'3108','3108','AJI PERUANO','KILO',16500,16500,16500,16500,10000,10,'2021-05-25 07:33:08',36,5,21,1,7,''),(546,'3109','3109','AJO IMPORTADO X 3 UND','UNIDAD',1850,1850,1850,1850,1100,10,'2021-05-25 07:33:08',35,5,21,1,7,''),(547,'3110','3110','AJO IMPORTADO KILO','KILO',18000,18000,18000,18000,10000,10,'2021-05-25 07:33:08',36,5,21,1,7,''),(548,'3111','3111','AJO NACIONAL KILO','KILO',16900,16900,16900,16900,11000,10,'2021-05-25 07:33:08',36,5,21,1,7,''),(549,'3112','3112','AJO NACIONAL X 3 UND','KILO',1800,1800,1800,1800,1150,10,'2021-05-25 07:33:08',36,5,21,1,7,''),(550,'3113','3113','AJO PELADO KILO','KILO',14500,14500,14500,14500,10000,10,'2021-05-25 07:33:08',22,5,21,1,7,''),(551,'3114','3114','ALBAHACA KILO','UNIDAD',5000,5000,5000,5000,2000,10,'2021-05-25 07:33:08',22,5,21,1,7,''),(552,'3116','3116','ALBAHACON * 50 GR','UNIDAD',1500,1500,1500,1500,700,10,'2021-05-25 07:33:08',22,5,21,1,7,''),(553,'3117','3117','ALBAHACON KILO','KILO',20000,20000,20000,20000,10000,10,'2021-05-25 07:33:08',22,5,21,1,7,''),(554,'3118','3118','ALCACHOFA KILO','KILO',16400,16400,16400,16400,12500,10,'2021-05-25 07:33:08',36,5,21,1,7,''),(555,'3119','3119','APIO UNIDAD','UNIDAD',2400,2400,2400,2400,1333,10,'2021-05-25 07:33:08',22,5,21,1,7,''),(556,'3120','3120','ARRACACHA BANDEJA','UNIDAD',5000,5000,5000,5000,3000,10,'2021-05-25 07:33:08',36,5,21,1,7,''),(557,'3121','3121','ARRACACHA KILO','KILO',5200,5200,5200,5200,3000,10,'2021-05-25 07:33:08',36,5,21,1,7,''),(558,'3122','3122','ARVEJA DESGRANADA KILO','KILO',16500,16500,16500,16500,12500,10,'2021-05-25 07:33:08',36,5,21,1,7,''),(559,'3123','3123','ARVEJA EN CASCARA','KILO',7000,7000,7000,7000,4167,10,'2021-05-25 07:33:08',36,5,21,1,7,''),(560,'3124','3124','BATATA ROSADA KILO','KILO',9600,9600,9600,9600,5263,10,'2021-05-25 07:33:08',35,5,21,1,7,''),(561,'3125','3125','BATATA AMARILLA KILO','KILO',10400,10400,10400,10400,7000,10,'2021-05-25 07:33:08',35,5,21,1,7,''),(562,'3126','3126','BERENJENA KILO','KILO',8600,8600,8600,8600,4000,10,'2021-05-25 07:33:08',36,5,21,1,7,''),(563,'3127','3127','BROCOLI KILO','KILO',6900,6900,6900,6900,3000,10,'2021-05-25 07:33:08',36,5,21,1,7,''),(564,'3129','3129','CALABAZA UNIDAD','UNIDAD',2800,2800,2800,2800,1600,10,'2021-05-25 07:33:08',36,5,21,1,7,''),(565,'3132','3132','CANELA ASTILLA GRANEL KILO','KILO',120000,120000,120000,120000,90000,10,'2021-05-25 07:33:08',22,5,21,1,7,''),(566,'3133','3133','CEBOLLA CABEZONA KILO','KILO',3200,3200,3200,3200,1778,10,'2021-05-25 07:33:08',36,5,21,1,7,''),(567,'3134','3134','CEBOLLA LARGA KILO','KILO',3900,3900,3900,3900,2200,10,'2021-05-25 07:33:08',36,5,21,1,7,''),(568,'3135','3135','CEBOLLA OCAÃ‘ERA KILO','KILO',15000,15000,15000,15000,10000,10,'2021-05-25 07:33:08',36,5,21,1,7,''),(569,'3136','3136','CEBOLLA PUERRO KILO','KILO',4600,4600,4600,4600,2500,10,'2021-05-25 07:33:08',36,5,21,1,7,''),(570,'3137','3137','CEBOLLA ROJA KILO','KILO',4800,4800,4800,4800,2708,10,'2021-05-25 07:33:08',36,5,21,1,7,''),(571,'3138','3138','CEBOLLA ROJA MALLA','UNIDAD',2000,2000,2000,2000,1000,10,'2021-05-25 07:33:08',36,5,21,1,7,''),(572,'3139','3139','CEBOLLIN KILO','KILO',18000,18000,18000,18000,10000,10,'2021-05-25 07:33:08',36,5,21,1,7,''),(573,'3140','3140','CHAMPIÃ‘ON KILO','KILO',29900,29900,29900,29900,15000,10,'2021-05-25 07:33:08',35,5,21,1,7,''),(574,'3143','3143','CILANTRO KILO','KILO',9600,9600,9600,9600,5000,10,'2021-05-25 07:33:08',22,5,21,1,7,''),(575,'3144','3144','CILANTRO X 120 GR','UNIDAD',1500,1500,1500,1500,833,10,'2021-05-25 07:33:08',22,5,21,1,7,''),(576,'3145','3145','COL CHINA KILO','KILO',3000,3000,3000,3000,1667,10,'2021-05-25 07:33:08',22,5,21,1,7,''),(577,'3146','3146','COLIFLOR KILO','KILO',4500,4500,4500,4500,1800,10,'2021-05-25 07:33:08',36,5,21,1,7,''),(578,'3147','3147','COLISERO X KILO','KILO',2400,2400,2400,2400,1500,10,'2021-05-25 07:33:08',36,5,21,1,7,''),(579,'3148','3148','CRIOLLA PAQ','UNIDAD',1600,1600,1600,1600,1000,10,'2021-05-25 07:33:08',35,5,21,1,7,''),(580,'3149','3149','CUBIOS PAQUETE','UNIDAD',1500,1500,1500,1500,1000,10,'2021-05-25 07:33:08',35,5,21,1,7,''),(581,'3150','3150','CURCUMA EN RAIZ KILO','KILO',21000,21000,21000,21000,13000,10,'2021-05-25 07:33:08',22,5,21,1,7,''),(582,'3151','3151','ESPARRAGO PQ 500 GR','UNIDAD',22900,22900,22900,22900,16000,10,'2021-05-25 07:33:08',36,5,21,1,7,''),(583,'3152','3152','FLOR DE JAMAICA KILO','KILO',67000,67000,67000,67000,40000,10,'2021-05-25 07:33:08',22,5,21,1,7,''),(584,'3153','3153','FRIJOL CASCARA','KILO',6800,6800,6800,6800,3929,10,'2021-05-25 07:33:08',36,5,21,1,7,''),(585,'3154','3154','FRIJOL DESGRANADO KILO','KILO',14500,14500,14500,14500,8000,10,'2021-05-25 07:33:08',36,5,21,1,7,''),(586,'3155','3155','GERMINADOS UNIDAD','UNIDAD',4400,4400,4400,4400,2500,10,'2021-05-25 07:33:08',36,5,21,1,7,''),(587,'3156','3156','GUASCA KILO','KILO',8900,8900,8900,8900,5000,10,'2021-05-25 07:33:08',22,5,21,1,7,''),(588,'3157','3157','GUASCAS 50 GR','UNIDAD',1500,1500,1500,1500,714,10,'2021-05-25 07:33:08',22,5,21,1,7,''),(589,'3158','3158','GUATILA KILO','KILO',2900,2900,2900,2900,1600,10,'2021-05-25 07:33:08',36,5,21,1,7,''),(590,'3159','3159','HABA CASCARA KILO','KILO',3800,3800,3800,3800,2143,10,'2021-05-25 07:33:08',36,5,21,1,7,''),(591,'3160','3160','HABA DESGRANADA KILO','KILO',8400,8400,8400,8400,4000,10,'2021-05-25 07:33:08',36,5,21,1,7,''),(592,'3161','3161','HABICHUELA KILO','KILO',5800,5800,5800,5800,3571,10,'2021-05-25 07:33:08',36,5,21,1,7,''),(593,'3162','3162','HABICHUELINA KILO','KILO',25000,25000,25000,25000,10000,10,'2021-05-25 07:33:08',36,5,21,1,7,''),(594,'3163','3163','HIERBABUENA KILO','KILO',7800,7800,7800,7800,4000,10,'2021-05-25 07:33:08',22,5,21,1,7,''),(595,'3166','3166','JENGIBRE KILO','KILO',35000,35000,35000,35000,25000,10,'2021-05-25 07:33:08',35,5,21,1,7,''),(596,'3167','3167','JENGIBRE POLVO','KILO',32000,32000,32000,32000,20000,10,'2021-05-25 07:33:08',22,5,21,1,7,''),(597,'3170','3170','LECHUGA BATAVIA KILO','KILO',3200,3200,3200,3200,1800,10,'2021-05-25 07:33:08',36,5,21,1,7,''),(598,'3172','3172','MAZORCA CON TUSA KILO','KILO',6800,6800,6800,6800,3269,10,'2021-05-25 07:33:08',36,5,21,1,7,''),(599,'3173','3173','MAZORCA DESGRANADA KILO','KILO',8500,8500,8500,8500,5000,10,'2021-05-25 07:33:08',36,5,21,1,7,''),(600,'3174','3174','MAZORCA DESGRANADA PAQUETE','UNIDAD',1800,1800,1800,1800,1000,10,'2021-05-25 07:33:08',36,5,21,1,7,''),(601,'3176','3176','HIERBAS LA SABANA','UNIDAD',1300,1300,1300,1300,700,10,'2021-05-25 07:33:08',22,5,21,1,7,''),(602,'3177','3177','OREGANO KILO','KILO',8700,8700,8700,8700,5000,10,'2021-05-25 07:33:08',22,5,21,1,7,''),(603,'3178','3178','PAPA CRIOLLA PRIMERA KILO','KILO',3600,3600,3600,3600,2000,10,'2021-05-25 07:33:08',35,5,21,1,7,''),(604,'3179','3179','PAPA PASTUSA GRUESA X 2,5 KG','UNIDAD',5900,5900,5900,5900,4200,10,'2021-05-25 07:33:08',35,5,21,1,7,''),(605,'3180','3180','PAPA PASTUSA SUCIA KILO','KILO',3600,3600,3600,3600,2300,10,'2021-05-25 07:33:08',35,5,21,1,7,''),(606,'3181','3181','PAPA PASTUSA LAVADA KILO','KILO',4000,4000,4000,4000,2400,10,'2021-05-25 07:33:08',35,5,21,1,7,''),(607,'3182','3182','PAPA PASTUSA PAREJA X 5 LB','UNIDAD',3800,3800,3800,3800,2700,10,'2021-05-25 07:33:08',35,5,21,1,7,''),(608,'3183','3183','PAPA SABANERA KILO','KILO',5800,5800,5800,5800,3200,10,'2021-05-25 07:33:08',35,5,21,1,7,''),(609,'3184','3184','PEPINO COHOMBRO KILO','KILO',4200,4200,4200,4200,2400,10,'2021-05-25 07:33:08',36,5,21,1,7,''),(610,'3185','3185','PEPINO EUROPEO KILO','KILO',35000,35000,35000,35000,30000,10,'2021-05-25 07:33:08',36,5,21,1,7,''),(611,'3186','3186','PEPINO GUISO KILO','KILO',3600,3600,3600,3600,2000,10,'2021-05-25 07:33:08',36,5,21,1,7,''),(612,'3188','3188','PEREJIL CRESPO PQ','UNIDAD',900,900,900,900,500,10,'2021-05-25 07:33:08',22,5,21,1,7,''),(613,'3189','3189','PEREJIL LISO KILO','KILO',10200,10200,10200,10200,7500,10,'2021-05-25 07:33:08',22,5,21,1,7,''),(614,'3190','3190','PEREJIL LISO PQ','UNIDAD',900,900,900,900,500,10,'2021-05-25 07:33:08',22,5,21,1,7,''),(615,'3191','3191','PIMENTON AMARILLO KILO','KILO',11300,11300,11300,11300,9000,10,'2021-05-25 07:33:08',36,5,21,1,7,''),(616,'3192','3192','PIMENTON ROJO KILO','KILO',6500,6500,6500,6500,3250,10,'2021-05-25 07:33:08',36,5,21,1,7,''),(617,'3193','3193','PIMENTON VERDE KILO','KILO',6500,6500,6500,6500,3250,10,'2021-05-25 07:33:08',36,5,21,1,7,''),(618,'3194','3194','PLATANO LLANERO KILO','KILO',2600,2600,2600,2600,1433,10,'2021-05-25 07:33:08',36,5,21,1,7,''),(619,'3196','3196','RABANO BLANCO','KILO',12800,12800,12800,12800,9800,10,'2021-05-25 07:33:08',36,5,21,1,7,''),(620,'3197','3197','RABANO KILO','KILO',5000,5000,5000,5000,3000,10,'2021-05-25 07:33:08',36,5,21,1,7,''),(621,'3198','3198','RAIZ CHINA BJ','UNIDAD',1900,1900,1900,1900,1000,10,'2021-05-25 07:33:08',36,5,21,1,7,''),(622,'3199','3199','REMOLACHA KILO','KILO',3800,3800,3800,3800,2143,10,'2021-05-25 07:33:08',36,5,21,1,7,''),(623,'3200','3200','REPOLLITAS KILO','KILO',16000,16000,16000,16000,10000,10,'2021-05-25 07:33:08',36,5,21,1,7,''),(624,'3201','3201','REPOLLO BLANCO KILO','KILO',4600,4600,4600,4600,2000,10,'2021-05-25 07:33:08',36,5,21,1,7,''),(625,'3202','3202','REPOLLO MORADO KILO','KILO',3600,3600,3600,3600,2400,10,'2021-05-25 07:33:08',36,5,21,1,7,''),(626,'3207','3207','SABILA UNIDAD','UNIDAD',1850,1850,1850,1850,750,10,'2021-05-25 07:33:08',22,5,21,1,7,''),(627,'3209','3209','TOMATE CHERRY KILO','KILO',12500,12500,12500,12500,7000,10,'2021-05-25 07:33:08',36,5,21,1,7,''),(628,'3210','3210','TOMATE CHONTO KILO','KILO',3600,3600,3600,3600,2000,10,'2021-05-25 07:33:08',36,5,21,1,7,''),(629,'3211','3211','TOMATE LARGA VIDA KILO','KILO',5900,5900,5900,5900,3500,10,'2021-05-25 07:33:08',36,5,21,1,7,''),(630,'3212','3212','TOMILLO Y LAUREL PQ','UNIDAD',800,800,800,800,200,10,'2021-05-25 07:33:08',22,5,21,1,7,''),(631,'3213','3213','VERDURA PICADA','UNIDAD',1000,1000,1000,1000,500,10,'2021-05-25 07:33:08',36,5,21,1,7,''),(632,'3214','3214','YACON BANDEJA','UNIDAD',3600,3600,3600,3600,2500,10,'2021-05-25 07:33:08',35,5,21,1,7,''),(633,'3215','3215','YUCA KILO','KILO',3800,3800,3800,3800,1750,10,'2021-05-25 07:33:08',36,5,21,1,7,''),(634,'3216','3216','ZANAHORIA KILO','KILO',3800,3800,3800,3800,2222,10,'2021-05-25 07:33:08',36,5,21,1,7,''),(635,'3217','3217','ZANAHORIA MINI KILO','KILO',27000,27000,27000,27000,0,10,'2021-05-25 07:33:08',35,5,21,1,7,''),(636,'3218','3218','ZAPAYO KILO','KILO',3200,3200,3200,3200,1600,10,'2021-05-25 07:33:08',36,5,21,1,7,''),(637,'3219','3219','ZUCCHINI AMARILLO KILO','KILO',3200,3200,3200,3200,1800,10,'2021-05-25 07:33:08',36,5,21,1,7,''),(638,'3220','3220','ZUCCHINI VERDE KILO','KILO',3800,3800,3800,3800,2000,10,'2021-05-25 07:33:08',36,5,21,1,7,''),(639,'7702020050005','7702020050005','ACEITE CANOLA LIFE 1000 ML','UNIDAD',18550,18550,18550,18550,16093,10,'2021-05-25 07:33:08',39,1,21,1,7,''),(640,'7707312930133','7707312930133','FILETE DE BASSA X 4 AL 30% DIZPEZ KILO','KILO',12700,12700,12700,12700,8900,10,'2021-05-25 07:33:08',7,5,21,1,7,''),(641,'7700708002193','7700708002193','MUSLO DE POLLO BLANCO X 5','UNIDAD',8900,8900,8900,8900,6248,10,'2021-05-25 07:33:08',7,5,21,1,7,''),(642,'7705326020437','7705326020437','CALADITOS INTEGRALES 260 GR','UNIDAD',4500,4500,4500,4500,3667,10,'2021-05-25 07:33:08',20,5,21,1,7,''),(643,'7702001045310','7702001045310','LECHE ALPINA DESLACTOSADA LT CAJA','UNIDAD',4700,4700,4700,4700,3703,10,'2021-05-25 07:33:08',26,5,21,1,7,''),(644,'7702001045051','7702001045051','LECHE ALPINA ENTERA LT CAJA','UNIDAD',4300,4300,4300,4300,3426,10,'2021-05-25 07:33:08',26,5,21,1,7,''),(645,'7702001045556','7702001045556','LECHE ALPINA DESLACTOSADA 1100 ML BOL','UNIDAD',3990,3990,3990,3990,3182,10,'2021-05-25 07:33:08',26,5,21,1,7,''),(646,'7702001041404','7702001041404','LECHE ALPINA ENTERA 1100 ML BOL','UNIDAD',3650,3650,3650,3650,2917,10,'2021-05-25 07:33:08',26,5,21,1,7,''),(647,'7702129003407','7702129003407','LECHE COLANTA DESLACTOSADA 1100ML','UNIDAD',3350,3350,3350,3350,2770,10,'2021-05-25 07:33:08',26,5,21,1,7,''),(648,'7702129004275','7702129006460','LECHE COLANTA SEMI DESLACT 1 LT CAJA','UNIDAD',4250,4250,4250,4250,3300,10,'2021-05-25 07:33:08',26,5,21,1,7,''),(649,'7702129004299','7702129004299','LECHE COLANTA SLIGHT 1 LT CAJA','UNIDAD',4250,4250,4250,4250,3300,10,'2021-05-25 07:33:08',26,5,21,1,7,''),(650,'7702129004237','7702129004237','LECHE COLANTA ENTERA 1 LT CAJA','UNIDAD',4250,4250,4250,4250,3300,10,'2021-05-25 07:33:08',26,5,21,1,7,''),(651,'7702001050130','7702001050130','LECHE SEMIDESCREMADA ALPINA 1100ML','UNIDAD',3990,3990,3990,3990,3182,10,'2021-05-25 07:33:08',26,5,21,1,7,''),(652,'025293001701','025293001701','LECHE SILK ALMENDRA DE 30 CAL ORIGINAL','UNIDAD',12200,12200,12200,12200,9115,10,'2021-05-25 07:33:08',26,1,21,1,1,''),(653,'025293001251','025293001251','LECHE SILK ALMENDRA DE 60 CAL ORIGINAL','UNIDAD',12200,12200,12200,12200,9115,10,'2021-05-25 07:33:08',26,1,21,1,7,''),(654,'025293001244','025293001244','LECHE SILK ALMENDRA VAINILLA DE 80 CAL','UNIDAD',12200,12200,12200,12200,9115,10,'2021-05-25 07:33:08',26,1,21,1,7,''),(655,'025293005150','025293005150','LECHE SILK COCO 45 CAL ORIGINAL','UNIDAD',12200,12200,12200,12200,9115,10,'2021-05-25 07:33:08',26,1,21,1,7,''),(656,'025293600898','025293600898','LECHE SILK ORGANIC SOY 8 G UNSWEET','UNIDAD',11200,11200,11200,11200,9115,10,'2021-05-25 07:33:08',26,1,21,1,7,''),(657,'025293600904','025293600904','LECHE SILK ORIGINAL SOY 8 G','UNIDAD',11200,11200,11200,11200,9115,10,'2021-05-25 07:33:08',26,1,21,1,7,''),(658,'025293001695','025293001695','LECHE SILK ALMENDRA DE 30 CAL UNSWEET','UNIDAD',12200,12200,12200,12200,9115,10,'2021-05-25 07:33:08',26,1,21,1,7,''),(659,'025293600911','025293600911','LECHE SILK VAINILLA SOY 6 G','UNIDAD',11200,11200,11200,11200,9115,10,'2021-05-25 07:33:08',26,1,21,1,7,''),(660,'025293005167','025293005167','LECHE SILK COCONUT 70 CAL','UNIDAD',12200,12200,12200,12200,9115,10,'2021-05-25 07:33:08',26,1,21,1,7,''),(661,'7702001053858','7702001053858','LECHE DESLACT DESCREMADA SIX PACK ALPINA','UNIDAD',23990,23990,23990,23990,19445,10,'2021-05-25 07:33:08',26,5,21,1,7,''),(662,'7702001041411','7702001041411','LECHE ENTERA SIX PACK ALPINA','UNIDAD',21800,21800,21800,21800,17505,10,'2021-05-25 07:33:08',26,5,21,1,7,''),(663,'7702001029716','7702001029716','LECHE DESLACTOSADA SIX PACK ALPINA','UNIDAD',23900,23900,23900,23900,19095,10,'2021-05-25 07:33:08',26,5,21,1,7,''),(664,'7702129020800','7702129020800','QUESO MOZARELLA TJ COLANTA 250 GR','UNIDAD',6700,6700,6700,6700,5957,10,'2021-05-25 07:33:08',26,5,21,1,7,''),(665,'7702001121755','7702001121755','QUESO MOZARELLA TJ ALPINA 240 GR','UNIDAD',9990,9990,9990,9990,7415,10,'2021-05-25 07:33:08',26,5,21,1,7,''),(666,'7702001118779','7702001118779','QUESITO ALPINA 185 GR','UNIDAD',4600,4600,4600,4600,3408,10,'2021-05-25 07:33:08',26,5,21,1,7,''),(667,'7702001118786','7702001118786','QUESITO ALPINA 375 GR','UNIDAD',7300,7300,7300,7300,6278,10,'2021-05-25 07:33:08',26,5,21,1,7,''),(668,'7702001055050','7702001055050','YOGURT GRIEGO ALPINA 150 GR FRESA','UNIDAD',3800,3800,3800,3800,2766,10,'2021-05-25 07:33:08',26,1,21,1,7,''),(669,'7702001103959','7702001103959','YOGURT GRIEGO ALPINA 150 GR MARACUYA','UNIDAD',3800,3800,3800,3800,2766,10,'2021-05-25 07:33:08',26,1,21,1,7,''),(670,'7702001055074','7702001055074','YOGURT GRIEGO ALPINA 150 GR NATURAL','UNIDAD',3800,3800,3800,3800,2766,10,'2021-05-25 07:33:08',26,1,21,1,7,''),(671,'7702001115211','7702001115211','YOGURT GRIEGO ALPINA FINESSE 150 GR','UNIDAD',3800,3800,3800,3800,2766,10,'2021-05-25 07:33:08',26,1,21,1,7,''),(672,'7702001055067','7702001055067','YOGURT GRIEGO ALPINA ARANDANOS Y MORA','UNIDAD',3800,3800,3800,3800,2766,10,'2021-05-25 07:33:08',26,1,21,1,7,''),(673,'7702001072033','7702001072033','CREMA DE LECHE ALPINA X 200 ML BOLSA','UNIDAD',3400,3400,3400,3400,2759,10,'2021-05-25 07:33:08',26,5,21,1,7,''),(674,'7702001086054','7702001086054','BON YURT CHOCO KRISPIS','UNIDAD',2900,2900,2900,2900,2413,10,'2021-05-25 07:33:08',26,1,21,1,7,''),(675,'7702001124763','7702001124763','BONYURT ALPINA PIAZZA','UNIDAD',2900,2900,2900,2900,2413,10,'2021-05-25 07:33:08',26,1,21,1,7,''),(676,'7702001086023','7702001086023','BONYURT ZUCARITAS','UNIDAD',2900,2900,2900,2900,2413,10,'2021-05-25 07:33:08',26,1,21,1,7,''),(677,'7702001121779','7702001121779','QUESO FINESSE 239 GR','UNIDAD',10990,10990,10990,10990,8535,10,'2021-05-25 07:33:08',26,5,21,1,7,''),(678,'7702001121786','7702001121786','QUESO FINESSE 450 GR','UNIDAD',18900,18900,18900,18900,15500,10,'2021-05-25 07:33:08',26,5,21,1,7,''),(679,'7702001018444','7702001018444','QUESO FINESSE 300 GR','UNIDAD',10900,10900,10900,10900,9655,10,'2021-05-25 07:33:08',26,5,21,1,7,''),(680,'7702001111503','7702001111503','QUESO SABANA 7 TAJADAS ALPINA','UNIDAD',4200,4200,4200,4200,3275,10,'2021-05-25 07:33:08',26,5,21,1,7,''),(681,'7702001020096','7702001020096','MANTEQUILLA SIN SAL 125 GR ALPINA','UNIDAD',4900,4900,4900,4900,4200,10,'2021-05-25 07:33:08',39,1,21,1,7,''),(682,'7702535010280','7702535010280','SCHWEPPES 400 ML','UNIDAD',2200,2200,2200,2200,1033,10,'2021-05-25 07:33:08',42,5,21,1,7,''),(683,'7702535013212','7702535013212','AGUA SABORIZADA MANZANA 600 ML','UNIDAD',2000,2000,2000,2000,1000,10,'2021-05-25 07:33:08',42,5,21,1,7,''),(684,'3230','3230','MAZORCA BABY BANDEJA','UNIDAD',7500,7500,7500,7500,5000,10,'2021-05-25 07:33:08',36,5,21,1,7,''),(685,'7702535011089','7702535011089','COCA COLA 400 ML','UNIDAD',2200,2200,2200,2200,1000,10,'2021-05-25 07:33:08',42,5,21,1,7,''),(686,'7705326002044','7705326002044','CASERO SABOR TRES LECHES 220 GR','UNIDAD',4900,4900,4900,4900,3499,10,'2021-05-25 07:33:08',20,5,21,1,7,''),(687,'7705326014078','7705326014078','MIGA DE PAN BIMBO 250 GR','UNIDAD',3600,3600,3600,3600,2501,10,'2021-05-25 07:33:08',20,5,21,1,7,''),(688,'7709646322585','7709646322585','SAGUCO TOLIMA CON AZUCAR 60%','UNIDAD',6700,6700,6700,6700,4641,10,'2021-05-25 07:33:08',11,5,21,1,7,''),(689,'7709699335037','7709699335037','SAGUCO CHOCOLATE CON LECHE 40%','UNIDAD',6700,6700,6700,6700,4641,10,'2021-05-25 07:33:08',11,5,21,1,7,''),(690,'7702001072026','7702001072026','CREMA DE LECHE FINESSE 200 ML','UNIDAD',4850,4850,4850,4850,3275,10,'2021-05-25 07:33:08',26,5,21,1,7,''),(691,'7702001115488','7702001115488','BEBIDA DE ALMENDRAS ALPINA CJ 1 LT','UNIDAD',13500,13500,13500,13500,11197,10,'2021-05-25 07:33:08',26,1,21,1,7,''),(692,'7702129035453','7702129035453','CREMA DE LECHE COLANTA X 180 GR BL','UNIDAD',2000,2000,2000,2000,1200,10,'2021-05-25 07:33:08',26,5,21,1,7,''),(693,'7702129035279','7702129035279','CREMA DE LECHE COLANTA X 200 GR CAJA','UNIDAD',3190,3190,3190,3190,2531,10,'2021-05-25 07:33:08',26,5,21,1,7,''),(694,'7702129014175','7702129014175','CUAJADA COLANTA 250 G','UNIDAD',4990,4990,4990,4990,3080,10,'2021-05-25 07:33:08',26,5,21,1,7,''),(695,'7702129014168','7702129014168','CUAJADA COLANTA 500 G','UNIDAD',7800,7800,7800,7800,5970,10,'2021-05-25 07:33:08',26,5,21,1,7,''),(696,'7702129014601','7702129014601','QUESITO PASTEURIZADO COLANTA 250 GR','UNIDAD',5300,5300,5300,5300,3110,10,'2021-05-25 07:33:08',26,5,21,1,7,''),(697,'7702129041843','7702129041843','YOGUR BUFALA COLANTA FRESA 170 ML','UNIDAD',2800,2800,2800,2800,1900,10,'2021-05-25 07:33:08',26,1,21,1,7,''),(698,'7702129041812','7702129041812','YOGUR BUFALA COLANTA MARACUYA 170 ML','UNIDAD',2800,2800,2800,2800,1900,10,'2021-05-25 07:33:08',26,1,21,1,7,''),(699,'7702129041829','7702129041829','YOGUR BUFALA COLANTA MORA 170 ML','UNIDAD',2800,2800,2800,2800,1900,10,'2021-05-25 07:33:08',26,1,21,1,7,''),(700,'7702001046416','7702001046416','YOGO YOGO MORA 1000 GR','UNIDAD',4090,4090,4090,4090,3120,10,'2021-05-25 07:33:08',26,1,21,1,7,''),(701,'7702001046423','7702001046423','YOGO YOGO MELOCOTON 1000 GR','UNIDAD',4090,4090,4090,4090,3120,10,'2021-05-25 07:33:08',26,1,21,1,7,''),(702,'7702001046409','7702001046409','YOGO YOGO FRESA 1000 GR','UNIDAD',4090,4090,4090,4090,3120,10,'2021-05-25 07:33:08',26,1,21,1,7,''),(703,'7702129019316','7702129019316','QUESO PARMESANO 40 GR COLANTA','UNIDAD',3300,3300,3300,3300,2308,10,'2021-05-25 07:33:08',26,5,21,1,7,''),(704,'7702129016438','7702129016438','QUESO MOLIDO COSTEÃ‘O *500 GR','UNIDAD',8920,8920,8920,8920,7500,10,'2021-05-25 07:33:08',26,5,21,1,7,''),(705,'7702001015603','7702001015603','QUESO MOZARELLA 250 GR','UNIDAD',7500,7500,7500,7500,5900,10,'2021-05-25 07:33:08',26,5,21,1,7,''),(706,'7702129025034','7702129025034','QUESO CREMA 150 GR','UNIDAD',2800,2800,2800,2800,1800,10,'2021-05-25 07:33:08',26,5,21,1,7,''),(707,'7702001011308','7702001011308','CREMOSINO 200 GR','UNIDAD',4200,4200,4200,4200,3200,10,'2021-05-25 07:33:08',26,5,21,1,7,''),(708,'019161076021','019161076021','ALBAHACA ESCAMA KIKA 30 GR','UNIDAD',4300,4300,4300,4300,3200,10,'2021-05-25 07:33:08',22,1,21,1,7,''),(709,'019161004017','019161004017','ALBAHACA DESHIDRATADA 10 GR PAQ','UNIDAD',3200,3200,3200,3200,2350,10,'2021-05-25 07:33:08',22,1,21,1,7,''),(710,'019161004468','019161004468','CURCUMA DESH KISKA X 40 GR','UNIDAD',5500,5500,5500,5500,3850,10,'2021-05-25 07:33:08',22,1,21,1,7,''),(711,'019161076267','019161076267','CURCUMA POLVO KISKA X70 GRAMOS','UNIDAD',7800,7800,7800,7800,5462,10,'2021-05-25 07:33:08',22,1,21,1,7,''),(712,'019161004598','019161004598','CURRY DESHI KISKA X 40 G','UNIDAD',5500,5500,5500,5500,3850,10,'2021-05-25 07:33:08',22,1,21,1,7,''),(713,'019162007871','019162007871','ENELDO 25 GR KISKA','UNIDAD',3600,3600,3600,3600,2400,10,'2021-05-25 07:33:08',22,1,21,1,7,''),(714,'019161004178','019161004178','LAUREL DESHIDRATADO 7 GR','UNIDAD',3200,3200,3200,3200,2350,10,'2021-05-25 07:33:08',22,1,21,1,7,''),(715,'019161004437','019161004437','MEZCLA ITALIANA KISKA X 20 GRQ','UNIDAD',5550,5550,5550,5550,2796,10,'2021-05-25 07:33:08',22,1,21,1,7,''),(716,'019161004536','019161004536','MEZCLA PARA PESCADOS ESC KISKA X 20 GR','UNIDAD',3900,3900,3900,3900,2796,10,'2021-05-25 07:33:08',22,1,21,1,7,''),(717,'019161076205','019161076205','PAPRIKA POLVO X 80 GR','UNIDAD',7600,7600,7600,7600,5319,10,'2021-05-25 07:33:08',22,1,21,1,7,''),(718,'019161076236','019161076236','PIMENTA POLVO KISKA X85 GRAMOS','UNIDAD',6800,6800,6800,6800,4760,10,'2021-05-25 07:33:08',22,1,21,1,7,''),(719,'019161004260','019161004260','ROMERO DESHIDRATADO X15 GRAMOS','UNIDAD',3900,3900,3900,3900,2797,10,'2021-05-25 07:33:08',22,1,21,1,7,''),(720,'019161004345','019161004345','YERBABUENA DESHIDRATADA 10 GR','UNIDAD',3200,3200,3200,3200,2356,10,'2021-05-25 07:33:08',22,1,21,1,7,''),(721,'019161076038','019161076038','CANELA KISKA 80 GR','UNIDAD',7100,7100,7100,7100,4998,10,'2021-05-25 07:33:08',22,1,21,1,7,''),(722,'019161004376','019161004376','AJO GARLIC 40 GR KISKA','UNIDAD',3600,3600,3600,3600,2170,10,'2021-05-25 07:33:08',22,1,21,1,7,''),(723,'019161076014','019161076014','AJO POLVO 70 GR','UNIDAD',4900,4900,4900,4900,3470,10,'2021-05-25 07:33:08',22,1,21,1,7,''),(724,'019161004086','019161004086','CIDRON DESHIDRATADO 7 GR','UNIDAD',3200,3200,3200,3200,2356,10,'2021-05-25 07:33:08',22,1,21,1,7,''),(725,'019161004321','019161004321','TORONJIL DESHIDRATADO 10 GR','UNIDAD',3200,3200,3200,3200,2356,10,'2021-05-25 07:33:08',22,1,21,1,7,''),(726,'019161004420','019161004420','CEBOLLA KISKA 30 GR','UNIDAD',3200,3200,3200,3200,1980,10,'2021-05-25 07:33:08',22,1,21,1,7,''),(727,'7705326078575','7705326078575','CALADOS MANTEQUILLA 260 GR','UNIDAD',4100,4100,4100,4100,3467,10,'2021-05-25 07:33:08',20,1,21,1,1,''),(728,'019161004383','019161004383','MEZCLA FRANCESA 20 GR','UNIDAD',3600,3600,3600,3600,2356,10,'2021-05-25 07:33:08',22,1,21,1,7,''),(729,'019161076168','019161076168','MEZCLA PARA PESCADOS ESC KISKA X 25 GR','UNIDAD',4300,4300,4300,4300,3200,10,'2021-05-25 07:33:08',22,1,21,1,7,''),(730,'019161076045','019161076045','CEBOLLA KISKA 55 GR','UNIDAD',5500,5500,5500,5500,2796,10,'2021-05-25 07:33:08',22,1,21,1,7,''),(731,'019161076175','019161076175','MEZCLA PARA AVES 30 GR','UNIDAD',4100,4100,4100,4100,3647,10,'2021-05-25 07:33:08',22,1,21,1,7,''),(732,'7701101241042','7701101241042','JAMONETA 180 GR','UNIDAD',5350,5350,5350,5350,3700,10,'2021-05-25 07:33:08',14,1,21,1,7,''),(734,'7702001155149','7702001155149','YOGURT FINNESSE FRESA 180 GR','UNIDAD',2800,2800,2800,2800,2241,10,'2021-05-25 07:33:08',26,1,21,1,7,''),(735,'7702001044160','7702001044160','YOGURT ORIGINAL MORA 200 GR ALPINA','UNIDAD',2500,2500,2500,2500,2069,10,'2021-05-25 07:33:08',26,1,21,1,7,''),(736,'7702001155156','7702001155156','YOGURT FINNESSE MELOCOTON 180 GR','UNIDAD',2800,2800,2800,2800,2241,10,'2021-05-25 07:33:08',26,1,21,1,7,''),(737,'7702001044122','7702001044122','YOGURT ORIGINAL MELOCOTON 200 GR ALPINA','UNIDAD',2500,2500,2500,2500,2069,10,'2021-05-25 07:33:08',26,1,21,1,7,''),(738,'3290','3290','SALSA CHUTNEY MANGO 200 GR','UNIDAD',18750,18750,18750,18750,15000,10,'2021-05-25 07:33:08',33,1,21,1,7,''),(739,'3291','3291','SALSA MEXICANA ROJA 200 GR','UNIDAD',12500,12500,12500,12500,10000,10,'2021-05-25 07:33:08',33,1,21,1,7,''),(740,'3292','3292','SALSA MEXICANA VERDE 200 GR','UNIDAD',12500,12500,12500,12500,10000,10,'2021-05-25 07:33:08',33,1,21,1,7,''),(741,'3293','3293','TOMATES MIXTOS CONFITADOS 200 GR','UNIDAD',18750,18750,18750,18750,15000,10,'2021-05-25 07:33:08',33,5,21,1,7,''),(742,'0000000000000','0000000000000','MAIZ DESGRANADO 250 GR EL TREBOL','UNIDAD',3800,3800,3800,3800,2650,10,'2021-05-25 07:33:08',30,5,21,1,7,''),(743,'7707296640103','7707296640103','CRIOLLAS 500 GR EL TREBOL','UNIDAD',4300,4300,4300,4300,2950,10,'2021-05-25 07:33:08',30,5,21,1,7,''),(744,'7707296640011','7707296640011','PATACONAS EL TREBOL','UNIDAD',3300,3300,3300,3300,2300,10,'2021-05-25 07:33:08',30,5,21,1,7,''),(745,'7707296640028','7707296640028','YUCA EN CROQUETAS EL TREBOL','UNIDAD',2700,2700,2700,2700,1900,10,'2021-05-25 07:33:08',30,5,21,1,7,''),(746,'7707296640035','7707296640035','PATACONES EL TREBOL','UNIDAD',2500,2500,2500,2500,1700,10,'2021-05-25 07:33:08',30,5,21,1,7,''),(747,'7709272074506','7709272074506','PAPA A LA FRANCESA 500 GR EL TREBOL','UNIDAD',4200,4200,4200,4200,2900,10,'2021-05-25 07:33:08',30,5,21,1,7,''),(748,'3294','3294','TAMPICO FRASCO','UNIDAD',1000,1000,1000,1000,816,10,'2021-05-25 07:33:08',42,1,21,1,7,''),(749,'7702129045315','7702129045315','YOGURT COLANTA 200 GR AREQUIPE','UNIDAD',2200,2200,2200,2200,1638,10,'2021-05-25 07:33:08',26,1,21,1,7,''),(750,'7702129045346','7702129045346','YOGURT COLANTA 200 GR MELOCOTON','UNIDAD',2200,2200,2200,2200,1638,10,'2021-05-25 07:33:08',26,1,21,1,7,''),(751,'7702129045339','7702129045339','YOGURT COLANTA 200 GR GUANABANA','UNIDAD',2200,2200,2200,2200,1638,10,'2021-05-25 07:33:08',26,1,21,1,7,''),(752,'7702129018302','7702129018302','QUESO FUNDIDO TAJADO 250 GR','UNIDAD',7490,7490,7490,7490,5970,10,'2021-05-25 07:33:08',26,1,21,1,7,''),(753,'7700708008089','7700708008089','ALITAS HIERBAS FINAS 900 GR','UNIDAD',11900,11900,11900,11900,8300,10,'2021-05-25 07:33:08',7,1,21,1,7,''),(754,'7702129030243','7702129030243','MANTEQUILLA CON SAL 125 GR COLANTA','UNIDAD',3800,3800,3800,3800,2700,10,'2021-05-25 07:33:08',26,1,21,1,7,''),(755,'4656895','4656895','FILETE DE PANGASIUS DISPEZ KILO','UNIDAD',14500,14500,14500,14500,10000,10,'2021-05-25 07:33:08',7,5,21,1,7,''),(756,'7702129003650','7702129003650','LECHE ENTERA BOLSA 1100 ML COLANTA','UNIDAD',3500,3500,3500,3500,2810,10,'2021-05-25 07:33:08',26,5,21,1,7,''),(758,'77082381','77082381','COCA COLA SIN AZUCAR 250 ML','UNIDAD',1500,1500,1500,1500,858,10,'2021-05-25 07:33:08',42,5,21,1,7,''),(759,'77035684','77035684','COCA COLA 250 ML','UNIDAD',1500,1500,1500,1500,1116,10,'2021-05-25 07:33:08',42,5,21,1,7,''),(760,'77038320','77038320','AGUA BRISA SIN GAS 280 ML','UNIDAD',900,900,900,900,520,10,'2021-05-25 07:33:08',42,5,21,1,7,''),(761,'7702535012857','7702535012857','BRISA LIMA LIMON 600 ML','UNIDAD',2000,2000,2000,2000,1250,10,'2021-05-25 07:33:08',42,5,21,1,7,''),(762,'7702535022511','7702535022511','REFRESCO DEL VALLE MANGO 500 ML','UNIDAD',1700,1700,1700,1700,866,10,'2021-05-25 07:33:08',42,5,21,1,7,''),(763,'2198','2198','MANZANA GALA BANDEJA','UNIDAD',4500,4500,4500,4500,3500,10,'2021-05-25 07:33:08',16,5,21,1,7,''),(764,'6131','6131','ESPINACA UNIDAD','UNIDAD',2400,2400,2400,2400,1333,10,'2021-05-25 07:33:08',23,5,21,1,7,''),(765,'2199','2199','COCO UNIDAD','UNIDAD',6200,6200,6200,6200,4167,10,'2021-05-25 07:33:08',16,5,21,1,7,''),(766,'7701101356715','7701101356715','FRIJOLES ANTIOQUEÃ‘OS X 310 GR','UNIDAD',4900,4900,4900,4900,2600,10,'2021-05-25 07:33:08',14,1,21,1,7,''),(767,'781718842150','781718842150','CASCARILLA DE CACAO ORGANICO 50 GR','UNIDAD',10000,10000,10000,10000,9000,10,'2021-05-25 07:33:08',8,5,21,1,7,''),(768,'7707226130810','7707226130810','MIEL SAN ADOBO 125 GR','UNIDAD',2000,2000,2000,2000,1000,10,'2021-05-25 07:33:08',33,5,21,1,7,''),(769,'7707226134795','7707226134795','MIEL SAN ADOBO 190 GR','UNIDAD',3000,3000,3000,3000,1666,10,'2021-05-25 07:33:08',33,5,21,1,7,''),(770,'7707307962262','7707307962262','PASTA COMARRICO 250 GR','UNIDAD',1200,1200,1200,1200,800,10,'2021-05-25 07:33:08',20,2,21,1,7,''),(771,'7702085001769','7702085001769','SPAGHETTI INTEGRAL DORIA 500 GR','UNIDAD',3900,3900,3900,3900,2800,10,'2021-05-25 07:33:08',20,2,21,1,7,''),(772,'7702085312025','7702085312025','SPAGHETTI CON VEDURAS DORIA 250 GR','UNIDAD',2500,2500,2500,2500,1700,10,'2021-05-25 07:33:08',20,2,21,1,7,''),(773,'7702020052351','7702020052351','FUSILLI CONZAZONI 500 GR','UNIDAD',6400,6400,6400,6400,4479,10,'2021-05-25 07:33:08',20,2,21,1,7,''),(774,'7702020052009','7702020052009','VERMICELLI CONZAZONI 500 GR','UNIDAD',6600,6600,6600,6600,4853,10,'2021-05-25 07:33:08',20,2,21,1,7,''),(775,'7702020052016','7702020052016','VERMICELLI INTEGRAL CONZAZONI 500 GR','UNIDAD',6600,6600,6600,6600,4853,10,'2021-05-25 07:33:08',20,2,21,1,7,''),(776,'7702085243480','7702085243480','MONTICELLO FUSILLI N 35 X 500 GR','UNIDAD',5600,5600,5600,5600,4490,10,'2021-05-25 07:33:08',20,2,21,1,7,''),(777,'7702085243022','7702085243022','SPAGHETTI MONTECELLO N 1 500 GR','UNIDAD',5350,5350,5350,5350,4087,10,'2021-05-25 07:33:08',20,2,21,1,7,''),(778,'7702085021118','7702085021118','VERMICELLI N 3 MONTICELLO 500 GR','UNIDAD',5350,5350,5350,5350,4087,10,'2021-05-25 07:33:08',20,2,21,1,7,''),(781,'7702020078535','7702020078535','SYRUP PARA PANCAKES LIGHT 340 ML','UNIDAD',13500,13500,13500,13500,9800,10,'2021-05-25 07:33:08',33,1,21,1,7,''),(782,'7702020078542','7702020078542','SYRUP PARA PANCAKES 340 ML','UNIDAD',13500,13500,13500,13500,9800,10,'2021-05-25 07:33:08',33,1,21,1,7,''),(783,'7702020107136','7702020107136','TORTILLAS TRADICIONALES HAZ DE ORO 180 GR','UNIDAD',4800,4800,4800,4800,3600,10,'2021-05-25 07:33:08',20,1,21,1,7,''),(784,'5541','5541','ANTIPASTO VEGETARIANO 500 GR','UNIDAD',19850,19850,19850,19850,12000,10,'2021-05-25 07:33:08',9,1,21,1,7,''),(785,'5542','5542','ANTIPASTO PICANTE 500 GR','UNIDAD',19850,19850,19850,19850,12000,10,'2021-05-25 07:33:08',9,1,21,1,7,''),(786,'5543','5543','TOMATES SECOS 500 GR','UNIDAD',29700,29700,29700,29700,18500,10,'2021-05-25 07:33:08',9,1,21,1,7,''),(787,'7702001044467','7702001044467','ALPIN VAINILLA','UNIDAD',2140,2140,2140,2140,1821,10,'2021-05-25 07:33:08',1,1,21,1,7,''),(788,'7705535230085','7705535230085','MERMELADA MORA DUGRE 250 GR','UNIDAD',9900,9900,9900,9900,7500,10,'2021-05-25 07:33:08',11,1,21,1,7,''),(789,'019161076144','019161076144','MEZCLA FRANCESA 25 GR','UNIDAD',4300,4300,4300,4300,3200,10,'2021-05-25 07:33:08',22,1,21,1,7,''),(790,'7701101241004','7701101241004','JAMONETA 370 GR','UNIDAD',12500,12500,12500,12500,7000,10,'2021-05-25 07:33:08',14,1,21,1,7,''),(791,'770735211654','770735211654','ADEREZO CRIOLLO','UNIDAD',11500,11500,11500,11500,8500,10,'2021-05-25 07:33:08',30,1,21,1,7,''),(792,'7702020055185','7702020055185','VINAGRE BALSAMICO DE MODENA 250 GR           ','UNIDAD',18400,18400,18400,18400,14500,10,'2021-05-25 07:33:08',30,1,21,1,7,''),(793,'7701018067483','7701018067483','SALSA  BARBECUE 180 GR','UNIDAD',3300,3300,3300,3300,2853,10,'2021-05-25 07:33:08',30,1,21,1,7,''),(794,'0763331549562','0763331549562','HUEVOS CAMPESINOS GENTIL X 12 UND','UNIDAD',9500,9500,9500,9500,6400,10,'2021-05-25 07:33:08',30,5,21,1,7,''),(795,'0763331549579','0763331549579','HUEVOS CAMPESINOS GENTIL X 30 UND','UNIDAD',19500,19500,19500,19500,15000,10,'2021-05-25 07:33:08',30,5,21,1,7,''),(796,'7702001010455','7702001010455','QUESO HOLANDES 250 GR ALPINA','UNIDAD',15000,15000,15000,15000,10500,10,'2021-05-25 07:33:08',26,1,21,1,7,''),(797,'5544','5544','ALCACHOFA A LA VINAGRETA 250 GR','UNIDAD',16500,16500,16500,16500,10500,10,'2021-05-25 07:33:08',9,5,21,1,7,''),(798,'5546','5546','ALCACHOFA A LA VINAGRETA 500 GR','UNIDAD',30300,30300,30300,30300,23500,10,'2021-05-25 07:33:08',9,5,21,1,7,''),(799,'2301','2301','PULPA DE PITAHAYA 500 GR','UNIDAD',5800,5800,5800,5800,3800,10,'2021-05-25 07:33:08',44,5,21,1,7,''),(800,'2302','2302','REMOLACHA VACIO 500 GR','UNIDAD',3800,3800,3800,3800,2800,10,'2021-05-25 07:33:08',44,5,21,1,7,''),(801,'2303','2303','TOMATE CHONTO VACIO 500 GR','UNIDAD',3400,3400,3400,3400,2500,10,'2021-05-25 07:33:08',44,5,21,1,7,''),(802,'2304','2304','PAPA VACIO 500 GR','UNIDAD',3400,3400,3400,3400,2500,10,'2021-05-25 07:33:08',44,5,21,1,7,''),(803,'2305','2305','FRIJOL VACIO 500 GR','UNIDAD',4500,4500,4500,4500,3800,10,'2021-05-25 07:33:08',44,5,21,1,7,''),(804,'2306','2306','GUATILA VACIO 500 GR','UNIDAD',3400,3400,3400,3400,2500,10,'2021-05-25 07:33:08',44,5,21,1,7,''),(805,'2307','2307','HABAS VACIO 500 GR','UNIDAD',3400,3400,3400,3400,2500,10,'2021-05-25 07:33:08',44,5,21,1,7,''),(806,'2309','2309','ARVEJA VACIO 500 GR','UNIDAD',7500,7500,7500,7500,5500,10,'2021-05-25 07:33:08',44,5,21,1,7,''),(807,'2311','2311','HOJA NOPAL','UNIDAD',3000,3000,3000,3000,2000,10,'2021-05-25 07:33:08',36,5,21,1,7,''),(808,'6132','6132','ACELGA UNIDAD','UNIDAD',1850,1850,1850,1850,1000,10,'2021-05-25 07:33:08',36,5,21,1,7,''),(809,'7702129011433       ','7702129011433       ','AVENA 11000 ML COLANTA ','UNIDAD',4400,4400,4400,4400,3141,10,'2021-05-25 07:33:08',26,5,21,1,7,''),(810,'7070334997386','7070334997386','NO SO2 MONTEPULCIANO DE ABRUZZO              ','UNIDAD',73440,73440,73440,73440,62782,10,'2021-05-25 07:33:08',42,2,21,1,7,''),(811,'8028938090100','8028938090100','KASAURA MONTEPULCIANO DE ABRUZZO             ','UNIDAD',75500,75500,75500,75500,62155,10,'2021-05-25 07:33:08',42,2,21,1,7,''),(812,'8028938090148','8028938090148','KASAURA TREBBIANO DE ABRUZZO BLANCO          ','UNIDAD',53460,53460,53460,53460,44036,10,'2021-05-25 07:33:08',42,2,21,1,7,''),(813,'7702007036572','7702007036572','GRANOLA TOSH CRUCHY MANZANA  X 300 GR        ','UNIDAD',8900,8900,8900,8900,5874,10,'2021-05-25 07:33:08',8,1,21,1,7,''),(814,'7702007043792','7702007043792','GRANOLA TOSH CRUCHY CHOCOLATE X 300 GR       ','UNIDAD',8900,8900,8900,8900,5874,10,'2021-05-25 07:33:08',8,1,21,1,7,''),(815,'7702129035880','7702129035880','SUERO COSTEÃ‘O COLANTA 230 GR','UNIDAD',4500,4500,4500,4500,3500,10,'2021-05-25 07:33:08',26,1,21,1,7,''),(816,'7702001044450','7702001044450','ALPIN FRESA','UNIDAD',2140,2140,2140,2140,1821,10,'2021-05-25 07:33:08',26,1,21,1,7,''),(817,'7702001072019','7702001072019','CREMA DE LECHE ALPINA X 200 ML CAJA          ','UNIDAD',4700,4700,4700,4700,2900,10,'2021-05-25 07:33:08',26,5,21,1,7,''),(818,'7702025189632','7702025189632','SALTIN NOEL QUESO Y MANTEQUILLA X 9 UND','UNIDAD',4200,4200,4200,4200,3251,10,'2021-05-25 07:33:08',34,1,21,1,7,''),(819,'3295','3295','COLOR COCINA CURRY LECHE DE COCO 200 GR','UNIDAD',10000,10000,10000,10000,8000,10,'2021-05-25 07:33:08',33,5,21,1,7,''),(820,'7702020052313','7702020052313','PASTA CONZAZONI FUSILLI 500 GR','UNIDAD',6600,6600,6600,6600,4800,10,'2021-05-25 07:33:08',20,2,21,1,7,''),(821,'7702085021149','7702085021149','PASTA MONTICELLO PENNE 500 GR','UNIDAD',6600,6600,6600,6600,4800,10,'2021-05-25 07:33:08',20,2,21,1,7,''),(822,'7702001053841','7702001053841','LECHE ALPINA DESCREMADA DESL 1100 ML','UNIDAD',3990,3990,3990,3990,3182,10,'2021-05-25 07:33:08',26,5,21,1,7,''),(823,'7702001020355','7702001020355','MANTEQUILLA ALPINA CON SAL 125 GR','UNIDAD',4900,4900,4900,4900,4200,10,'2021-05-25 07:33:08',26,1,21,1,7,''),(824,'7702001116966','7702001116966','GELATINA BOGGY CEREZA 108 GR','UNIDAD',1200,1200,1200,1200,700,10,'2021-05-25 07:33:08',42,1,21,1,7,''),(825,'7702001116980','7702001116980','GELATINA BOGGY MORA 108 GR','UNIDAD',1200,1200,1200,1200,700,10,'2021-05-25 07:33:08',42,1,21,1,7,''),(826,'7702129030267','7702129030267','MANTEQUILLA SIN SAL 125 GR COLANTA','UNIDAD',3800,3800,3800,3800,2700,10,'2021-05-25 07:33:08',26,1,21,1,7,''),(827,'7702129073141','7702129073141','SALCHICHA TIPICA 250 GR','UNIDAD',5500,5500,5500,5500,3500,10,'2021-05-25 07:33:08',7,1,21,1,7,''),(828,'7702129020626','7702129020626','QUESO DOBLE CREMA 250 GR TAJADO','UNIDAD',6900,6900,6900,6900,4900,10,'2021-05-25 07:33:08',26,5,21,1,7,''),(829,'7702129025157','7702129025157','QUESO CREMA 400 GR','UNIDAD',8900,8900,8900,8900,6500,10,'2021-05-25 07:33:08',26,1,21,1,7,''),(830,'7702001113088','7702001113088','FRUTTO MANZANA 300 ML','UNIDAD',2200,2200,2200,2200,1500,10,'2021-05-25 07:33:08',42,1,21,1,7,''),(831,'7702001113095','7702001113095','FRUTTO PERA 300 ML','UNIDAD',2200,2200,2200,2200,1500,10,'2021-05-25 07:33:08',42,1,21,1,7,''),(833,'3596','3596','VASO DE FRUTA','UNIDAD',3000,3000,3000,3000,2000,10,'2021-05-25 09:38:19',16,5,21,1,7,'');
/*!40000 ALTER TABLE `producto` ENABLE KEYS */;
UNLOCK TABLES;

--
-- Table structure for table `punto_venta`
--

DROP TABLE IF EXISTS `punto_venta`;
/*!40101 SET @saved_cs_client     = @@character_set_client */;
/*!40101 SET character_set_client = utf8 */;
CREATE TABLE `punto_venta` (
  `id_punto_venta` int(11) NOT NULL AUTO_INCREMENT,
  `no` int(11) NOT NULL,
  `nombre` varchar(45) COLLATE utf8_unicode_ci NOT NULL,
  PRIMARY KEY (`id_punto_venta`)
) ENGINE=InnoDB AUTO_INCREMENT=4 DEFAULT CHARSET=utf8 COLLATE=utf8_unicode_ci;
/*!40101 SET character_set_client = @saved_cs_client */;

--
-- Dumping data for table `punto_venta`
--

LOCK TABLES `punto_venta` WRITE;
/*!40000 ALTER TABLE `punto_venta` DISABLE KEYS */;
INSERT INTO `punto_venta` VALUES (1,1,'calle 109'),(2,2,'calle 102'),(3,3,'no3');
/*!40000 ALTER TABLE `punto_venta` ENABLE KEYS */;
UNLOCK TABLES;

--
-- Table structure for table `reportecomparar`
--

DROP TABLE IF EXISTS `reportecomparar`;
/*!40101 SET @saved_cs_client     = @@character_set_client */;
/*!40101 SET character_set_client = utf8 */;
CREATE TABLE `reportecomparar` (
  `id_rComparar` int(11) NOT NULL AUTO_INCREMENT,
  `fechaInicial` date NOT NULL,
  `fechaFinal` date NOT NULL,
  `fechaActual` date NOT NULL,
  `noProductos` double NOT NULL,
  `total` double NOT NULL,
  PRIMARY KEY (`id_rComparar`)
) ENGINE=InnoDB AUTO_INCREMENT=12 DEFAULT CHARSET=utf8 COLLATE=utf8_spanish2_ci ROW_FORMAT=COMPACT;
/*!40101 SET character_set_client = @saved_cs_client */;

--
-- Dumping data for table `reportecomparar`
--

LOCK TABLES `reportecomparar` WRITE;
/*!40000 ALTER TABLE `reportecomparar` DISABLE KEYS */;
INSERT INTO `reportecomparar` VALUES (1,'2019-11-01','2021-01-30','2021-01-31',0,0),(2,'2020-12-01','2021-01-01','2021-01-31',0,0),(4,'2020-12-01','2020-12-31','2021-01-31',0,0),(6,'2021-02-01','2021-02-25','2021-02-07',0,0),(7,'2021-02-01','2021-02-28','2021-02-07',0,0),(8,'2021-03-01','2021-03-04','2021-03-04',0,0),(9,'2021-01-01','2021-03-05','2021-03-05',0,0),(10,'2021-01-02','2021-03-05','2021-03-05',0,0),(11,'2021-02-28','2021-03-12','2021-03-10',0,0);
/*!40000 ALTER TABLE `reportecomparar` ENABLE KEYS */;
UNLOCK TABLES;

--
-- Table structure for table `reporteinventarios`
--

DROP TABLE IF EXISTS `reporteinventarios`;
/*!40101 SET @saved_cs_client     = @@character_set_client */;
/*!40101 SET character_set_client = utf8 */;
CREATE TABLE `reporteinventarios` (
  `id_rInventario` int(11) NOT NULL AUTO_INCREMENT,
  `fechaInicial` date NOT NULL,
  `fechaFinal` date NOT NULL,
  `fechaActual` date NOT NULL,
  `noProductos` double NOT NULL,
  `total` double NOT NULL,
  PRIMARY KEY (`id_rInventario`)
) ENGINE=InnoDB AUTO_INCREMENT=8 DEFAULT CHARSET=utf8 COLLATE=utf8_spanish2_ci ROW_FORMAT=COMPACT;
/*!40101 SET character_set_client = @saved_cs_client */;

--
-- Dumping data for table `reporteinventarios`
--

LOCK TABLES `reporteinventarios` WRITE;
/*!40000 ALTER TABLE `reporteinventarios` DISABLE KEYS */;
INSERT INTO `reporteinventarios` VALUES (1,'2019-11-01','2021-01-30','2021-01-31',0,0),(2,'2020-12-01','2021-01-01','2021-01-31',0,0),(4,'2020-12-01','2020-12-31','2021-01-31',0,0),(5,'2011-01-01','2022-12-12','2021-02-22',0,0),(6,'2020-12-01','2021-03-19','2021-03-08',0,0),(7,'2021-02-28','2021-03-13','2021-03-10',0,0);
/*!40000 ALTER TABLE `reporteinventarios` ENABLE KEYS */;
UNLOCK TABLES;

--
-- Table structure for table `reporteventas`
--

DROP TABLE IF EXISTS `reporteventas`;
/*!40101 SET @saved_cs_client     = @@character_set_client */;
/*!40101 SET character_set_client = utf8 */;
CREATE TABLE `reporteventas` (
  `id_rVentas` int(11) NOT NULL AUTO_INCREMENT,
  `fechaInicial` date NOT NULL,
  `fechaFinal` date NOT NULL,
  `fechaActual` date NOT NULL,
  `noProductos` double NOT NULL,
  `total` double NOT NULL,
  PRIMARY KEY (`id_rVentas`)
) ENGINE=InnoDB AUTO_INCREMENT=34 DEFAULT CHARSET=utf8 COLLATE=utf8_spanish2_ci;
/*!40101 SET character_set_client = @saved_cs_client */;

--
-- Dumping data for table `reporteventas`
--

LOCK TABLES `reporteventas` WRITE;
/*!40000 ALTER TABLE `reporteventas` DISABLE KEYS */;
INSERT INTO `reporteventas` VALUES (15,'2019-01-01','2019-12-31','2020-02-09',0,0),(16,'2019-01-01','2019-12-31','2020-02-09',0,0),(19,'2019-01-01','2020-04-01','2020-04-02',0,0),(21,'2019-03-01','2020-06-05','2020-06-04',0,0),(22,'2020-06-20','2020-06-21','2020-06-21',0,0),(23,'2020-06-28','2020-07-17','2020-07-26',0,0),(24,'1999-01-01','2022-01-01','2020-08-29',0,0),(25,'1999-01-01','2022-01-01','2020-08-29',0,0),(28,'2021-02-01','2021-02-22','2021-02-22',0,0),(29,'2020-12-01','2021-03-18','2021-03-08',0,0),(30,'2021-03-01','2021-03-11','2021-03-10',0,0),(31,'2021-02-01','2021-04-25','2021-04-25',0,0),(32,'2021-05-25','2021-05-25','2021-05-25',0,0),(33,'2021-05-25','2021-05-25','2021-05-25',0,0);
/*!40000 ALTER TABLE `reporteventas` ENABLE KEYS */;
UNLOCK TABLES;

--
-- Table structure for table `users`
--

DROP TABLE IF EXISTS `users`;
/*!40101 SET @saved_cs_client     = @@character_set_client */;
/*!40101 SET character_set_client = utf8 */;
CREATE TABLE `users` (
  `id` int(11) NOT NULL AUTO_INCREMENT,
  `name` varchar(255) COLLATE utf8_spanish2_ci NOT NULL,
  `email` varchar(255) COLLATE utf8_spanish2_ci NOT NULL,
  `password` varchar(255) COLLATE utf8_spanish2_ci NOT NULL,
  `remember_token` varchar(100) COLLATE utf8_spanish2_ci NOT NULL,
  `created_at` datetime(6) NOT NULL,
  `updated_at` datetime(6) NOT NULL,
  `tipo_cargo_id_cargo` int(11) NOT NULL,
  `sede_id_sede` int(11) NOT NULL,
  `superusuario` tinyint(1) NOT NULL,
  `punto_venta_id_punto_venta` int(11) NOT NULL,
  PRIMARY KEY (`id`),
  KEY `users_sede_fk` (`sede_id_sede`),
  KEY `users_tipo_cargo_fk` (`tipo_cargo_id_cargo`)
) ENGINE=MyISAM AUTO_INCREMENT=1262 DEFAULT CHARSET=utf8 COLLATE=utf8_spanish2_ci;
/*!40101 SET character_set_client = @saved_cs_client */;

--
-- Dumping data for table `users`
--

LOCK TABLES `users` WRITE;
/*!40000 ALTER TABLE `users` DISABLE KEYS */;
INSERT INTO `users` VALUES (1,'juan','juangomez3701@gmail.com','$2y$10$CVBkgWgaTeWmOb7g10IyF.cBms.j2V6hbrxdCkDwk5GRcytt9YEi6','oUQdvEbwK0cAGLigEmsPC2DsMDj7whO0pzGA91WLZaTHuSMTDGg9usvCbJlm','2019-11-06 11:38:48.000000','2021-05-16 20:46:22.000000',1,1,1,1),(1256,'Dalila Villafañe','dalila298@yahoo.es','$2y$10$FgaZi5gFfY6b.AKiLWdZW.W.ndmvmEkG1VcVCxa4IpX/hHVzaIu0m','','2021-02-16 12:22:14.000000','2021-02-16 12:22:14.000000',2,1,0,1),(1241,'Holman2','holman.rincon@uptc.edu.co','$2y$10$P805y1U8sO1N8gU3RQEvZ.TSYnm39CbnLe0y1QOzDTmSuS0vvAUD6','KXQzFgbLNvlE5gEomRriKCWhh6ULtfibzEmrlaJ8ly3YW2wo0GFjSqN8gXlF','2020-10-24 15:39:29.000000','2021-04-21 22:54:52.000000',1,1,1,1),(1244,'Juliana Pérez','liseth.perez@uptc.edu.co','$2y$10$rn0T6gvc0PxVAXvVFk4gHeo1XtaaGb6si.oAkavTcPgQoRKKUXCGW','zyE9tYAWYjrWThsJid6mo8oHngzPbqBuGGBGoIdPKiaIFThM6ftki2iva1Bg','2020-11-06 21:47:05.000000','2021-02-22 20:11:48.000000',1,9,1,1),(1246,'carlos camargo','contacto@controler.com.co','$2y$10$IjKj4cTd6g3Bq8D.L0ZuR.gdIUTDnSYoeYjKEmpssziJx0S/db1rq','iuZlI5hjIVD3805joEk7FnarlQQ8sKMZmXWxjkkSZd66blvEwWvMYE5qrp8O','2021-01-24 20:18:42.000000','2021-05-25 12:14:18.000000',1,1,1,1),(1255,'NOHORA VILLA','nohora1843@gmail.com','$2y$10$CUJ./q/KTEZ5LPT7hhE6UusWMdbgsDHfBfKu2WNzEBKdz8O8mUhOm','TE7BPUlCF4uF4Td5XHnokofgxBcB0wAAec2xy88czDCKe97UijTal6zPOfVQ','2021-02-16 12:11:11.000000','2021-02-16 12:19:12.000000',1,1,1,1),(1253,'Pedro López','p.lopez@cosechafresca.com','$2y$10$O84eZqY/IJcGsyVCUrnuKef0NQbdkrlbr1oCWA53tMib6faNvC9ia','r00anCH5tr0PzCkU11yaM6nFeLmGbNd9hLmvgRp8hpY3vIVUUGyUGHSyHc0V','2021-02-12 20:27:41.000000','2021-02-12 21:08:32.000000',33,1,0,1),(1257,'Andrea Aguirre','maye.280497@gmail.com','$2y$10$eH1ziIBRcWHQ9EqwBRsk9.RD0NwDOUxNxSmViN3rkWyAhbWfh/Owu','1L4FUnJ5RofyvjZTrAnmnRH12N6ZCVhgKQcjl2qhhsQRJbiwh2hAJIPEGf9o','2021-03-04 08:04:10.000000','2021-05-14 09:03:47.000000',1,9,1,1),(1260,'Gonzalo Ernesto Sánchez','gonzalo@gmail.com','$2y$10$KyTkxB/PBpgt5saG.yFAweKKtN1yMLqqfDkU9c0cMcq.ZXkPhDKem','','2021-03-10 20:13:48.000000','2021-03-10 20:13:48.000000',1,9,1,1),(1261,'Andrea Garcia','luga_147@hotmail.com','$2y$10$fShrATdusFYkg800kz1QH.ETDzyutujH/UXnnQPuvGcjsSbKF.6pK','','2021-04-25 16:05:36.000000','2021-04-25 16:05:36.000000',2,9,0,1);
/*!40000 ALTER TABLE `users` ENABLE KEYS */;
UNLOCK TABLES;

--
-- Dumping events for database 'control3_cosechafresca1'
--

--
-- Dumping routines for database 'control3_cosechafresca1'
--
/*!40103 SET TIME_ZONE=@OLD_TIME_ZONE */;

/*!40101 SET SQL_MODE=@OLD_SQL_MODE */;
/*!40014 SET FOREIGN_KEY_CHECKS=@OLD_FOREIGN_KEY_CHECKS */;
/*!40014 SET UNIQUE_CHECKS=@OLD_UNIQUE_CHECKS */;
/*!40101 SET CHARACTER_SET_CLIENT=@OLD_CHARACTER_SET_CLIENT */;
/*!40101 SET CHARACTER_SET_RESULTS=@OLD_CHARACTER_SET_RESULTS */;
/*!40101 SET COLLATION_CONNECTION=@OLD_COLLATION_CONNECTION */;
/*!40111 SET SQL_NOTES=@OLD_SQL_NOTES */;

-- Dump completed on 2021-05-25 18:35:56
